-- MySQL dump 10.13  Distrib 5.7.13, for osx10.11 (x86_64)
--
-- Host: localhost    Database: vaadin
-- ------------------------------------------------------
-- Server version	5.7.13

/*!40101 SET @OLD_CHARACTER_SET_CLIENT=@@CHARACTER_SET_CLIENT */;
/*!40101 SET @OLD_CHARACTER_SET_RESULTS=@@CHARACTER_SET_RESULTS */;
/*!40101 SET @OLD_COLLATION_CONNECTION=@@COLLATION_CONNECTION */;
/*!40101 SET NAMES utf8 */;
/*!40103 SET @OLD_TIME_ZONE=@@TIME_ZONE */;
/*!40103 SET TIME_ZONE='+00:00' */;
/*!40014 SET @OLD_UNIQUE_CHECKS=@@UNIQUE_CHECKS, UNIQUE_CHECKS=0 */;
/*!40014 SET @OLD_FOREIGN_KEY_CHECKS=@@FOREIGN_KEY_CHECKS, FOREIGN_KEY_CHECKS=0 */;
/*!40101 SET @OLD_SQL_MODE=@@SQL_MODE, SQL_MODE='NO_AUTO_VALUE_ON_ZERO' */;
/*!40111 SET @OLD_SQL_NOTES=@@SQL_NOTES, SQL_NOTES=0 */;

--
-- Table structure for table `abridged_cast`
--

DROP TABLE IF EXISTS `abridged_cast`;
/*!40101 SET @saved_cs_client     = @@character_set_client */;
/*!40101 SET character_set_client = utf8 */;
CREATE TABLE `abridged_cast` (
  `pid` bigint(20) NOT NULL,
  `id` bigint(20) DEFAULT NULL,
  `name` varchar(255) DEFAULT NULL,
  `fk_abridged` bigint(20) DEFAULT NULL,
  PRIMARY KEY (`pid`),
  KEY `FK15aiekedb7itiw0fh92m5twnh` (`fk_abridged`),
  CONSTRAINT `FK15aiekedb7itiw0fh92m5twnh` FOREIGN KEY (`fk_abridged`) REFERENCES `movies` (`id`)
) ENGINE=InnoDB DEFAULT CHARSET=utf8;
/*!40101 SET character_set_client = @saved_cs_client */;

--
-- Dumping data for table `abridged_cast`
--

LOCK TABLES `abridged_cast` WRITE;
/*!40000 ALTER TABLE `abridged_cast` DISABLE KEYS */;
INSERT INTO `abridged_cast` VALUES (6,770893686,'Dwayne \"The Rock\" Johnson',771374432),(7,162662384,'Carla Gugino',771374432),(8,770777867,'Alexandra Daddario',771374432),(9,162683649,'Paul Giamatti',771374432),(10,162652780,'Ioan Gruffudd',771374432),(16,162652298,'Sam Rockwell',770799339),(17,356196984,'Rosemarie DeWitt',770799339),(18,771393428,'Kyle Catlett',770799339),(19,771446353,'Saxon Sharbino',770799339),(20,771389322,'Kennedi Clements',770799339),(26,391527059,'Tom Hardy',771028170),(27,162654733,'Charlize Theron',771028170),(28,162654938,'Nicholas Hoult',771028170),(29,771075959,'Rosie Huntington-Whiteley',771028170),(30,771460102,'Zoe Kravitz',771028170),(36,162654528,'George Clooney',771306778),(37,162746075,'Hugh Laurie',771306778),(38,771407744,'Raffey Cassidy',771306778),(39,770687068,'Brittany Robertson',771306778),(40,770842741,'Thomas Robinson',771306778),(46,162654529,'Robert Downey Jr.',771313962),(47,162652784,'Chris Evans',771313962),(48,162653904,'Mark Ruffalo',771313962),(49,770829335,'Chris Hemsworth',771313962),(50,162652872,'Scarlett Johansson',771313962),(56,528367112,'Anna Kendrick',771356696),(57,771029520,'Rebel Wilson',771356696),(58,162652474,'Brittany Snow',771356696),(59,771070631,'Hailee Steinfeld',771356696),(60,362101079,'Katey Sagal',771356696),(66,351525448,'Bradley Cooper',771356651),(67,770683296,'Emma Stone',771356651),(68,162652838,'Rachel McAdams',771356651),(69,770672019,'Danny McBride',771356651),(70,625475404,'John Krasinski',771356651),(76,162653903,'Reese Witherspoon',771358545),(77,162653186,'Sofia Vergara',771358545),(78,427815655,'John Carroll Lynch',771358545),(79,771086031,'Rob Kazinsky',771358545),(80,162711070,'Richard T. Jones',771358545),(86,770702500,'Jim Parsons',771315639),(87,351524959,'Rihanna',771315639),(88,162654836,'Steve Martin',771315639),(89,162652167,'Jennifer Lopez',771315639),(95,770678627,'Carey Mulligan',771368269),(96,358069004,'Tom Sturridge',771368269),(97,403904587,'Matthias Schoenaerts',771368269),(98,326395770,'Michael Sheen',771368269),(99,770696465,'Juno Temple',771368269),(105,162652472,'Vin Diesel',771354922),(106,162654234,'Paul Walker',771354922),(107,162684066,'Tony Jaa',771354922),(108,162653720,'Jason Statham',771354922),(109,770893686,'Dwayne \"The Rock\" Johnson',771354922),(115,326298578,'Kevin James',771372649),(116,770803303,'Raini Rodriguez',771372649),(117,326391936,'Neal McDonough',771372649),(118,364614537,'Shirley Knight',771372649),(119,493950157,'Daniella Alonso',771372649),(125,162652609,'Blake Lively',771373149),(126,682571065,'Michiel Huisman',771373149),(127,162661579,'Harrison Ford',771373149),(128,162660525,'Ellen Burstyn',771373149),(129,162654642,'Kathy Baker',771373149),(135,162652367,'Ryan Reynolds',771406253),(136,162652648,'Katie Holmes',771406253),(137,162652437,'Daniel Bruhl',771406253),(138,162662871,'Helen Mirren',771406253),(139,405587107,'Tatiana Maslany',771406253),(145,771083890,'Alicia Vikander',771383086),(146,364655827,'Oscar Isaac',771383086),(147,770702167,'Domhnall Gleeson',771383086),(148,771638699,'Sonoya Mizuno',771383086),(149,771638700,'Claire Selby',771383086),(155,162652185,'Will Ferrell',771364722),(156,770671077,'Kevin Hart',771364722),(157,364619876,'Tip \'T.I.\' Harris',771364722),(158,770798990,'Alison Brie',771364722),(159,162659067,'Craig T. Nelson',771364722),(165,770839379,'Scott Eastwood',771350902),(166,770687068,'Brittany Robertson',771350902),(167,162660526,'Alan Alda',771350902),(168,770826492,'Oona Chaplin',771350902),(169,770679146,'Jack Huston',771350902),(175,771402472,'Lily James',771270966),(176,162659162,'Cate Blanchett',771270966),(177,771400082,'Richard Madden',771270966),(178,162652820,'Helena Bonham Carter',771270966),(179,771365482,'Sophie McShera',771270966),(185,770676364,'Shailene Woodley',771355806),(186,771083872,'Theo James',771355806),(187,770686469,'Daniel Dae Kim',771355806),(188,771403662,'Jonny Weston',771355806),(189,771494277,'Suki Waterhouse',771355806),(195,771423461,'Shelley Hennig',771400308),(196,771455585,'Moses Jacob Storm',771400308),(197,770768664,'Renee Olstead',771400308),(198,771473600,'Will Peltz',771400308),(199,771093382,'Jacob Wysocki',771400308),(205,427823878,'Tina Fey',771378525),(211,162659375,'Blythe Danner',770683518),(212,770695111,'Martin Starr',770683518),(213,519471763,'Sam Elliott',770683518),(214,162719595,'Mary Kay Place',770683518),(215,770723022,'June Squibb',770683518),(221,162654016,'Emily Watson',771372495),(222,771458802,'Jakob Salvati',771372495),(223,326298578,'Kevin James',771372495),(224,699055003,'David Henrie',771372495),(225,162653769,'Tom Wilkinson',771372495),(230,771445026,'Iris Apfel',771402913),(231,771094312,'Mickey Boardman',771402913),(232,770848897,'Tavi Gevinson',771402913),(233,771445028,'David Hoey',771402913),(234,771379936,'Harold Koda',771402913),(240,343373276,'Robert Gustafsson',771364450),(241,770952858,'Iwar Wiklander',771364450),(242,771466611,'David Wiberg',771364450),(243,771445635,'Mia Skaringer',771364450),(244,770846054,'Jens Hulten',771364450),(250,771379975,'Andrew Cheney',771415998),(251,265861635,'John Rhys-Davies',771415998),(252,771530596,'Kara Killmer',771415998),(253,770813163,'Adetokumboh M\'Cormack',771415998),(254,770915925,'Steve Blackwood',771415998),(259,162652224,'Morgan Freeman',771411226),(260,162660369,'Diane Keaton',771411226),(261,162654358,'Cynthia Nixon',771411226),(262,771456966,'Korey Jackson',771411226),(263,770805406,'Claire van der Boom',771411226),(269,771420019,'Maika Monroe',771380296),(270,770804108,'Keir Gilchrist',771380296),(271,771449326,'Daniel Zovatto',771380296),(272,771598708,'Lili Sepe',771380296),(273,771080162,'Jake Weary',771380296),(279,162688284,'Guillaume Canet',771380149),(280,162667804,'Catherine Deneuve',771380149),(281,268627869,'Adele Haenel',771380149),(282,771104540,'Mauro Conte',771380149),(283,770808467,'Judith Chemla',771380149),(288,162710886,'Kerr Smith',771414161),(289,770680280,'Danica McKellar',771414161),(290,770737596,'Kristoffer Polaha',771414161),(291,397469243,'William Zabka',771414161),(292,770985075,'Alan Powell',771414161);
/*!40000 ALTER TABLE `abridged_cast` ENABLE KEYS */;
UNLOCK TABLES;

--
-- Table structure for table `alternate_ids`
--

DROP TABLE IF EXISTS `alternate_ids`;
/*!40101 SET @saved_cs_client     = @@character_set_client */;
/*!40101 SET character_set_client = utf8 */;
CREATE TABLE `alternate_ids` (
  `id` bigint(20) NOT NULL,
  `imdb` varchar(255) DEFAULT NULL,
  PRIMARY KEY (`id`)
) ENGINE=InnoDB DEFAULT CHARSET=utf8;
/*!40101 SET character_set_client = @saved_cs_client */;

--
-- Dumping data for table `alternate_ids`
--

LOCK TABLES `alternate_ids` WRITE;
/*!40000 ALTER TABLE `alternate_ids` DISABLE KEYS */;
INSERT INTO `alternate_ids` VALUES (1,'2126355'),(11,'1029360'),(21,'1392190'),(31,'1964418'),(41,'2395427'),(51,'2848292'),(61,'1243974'),(71,'2967224'),(81,'2224026'),(90,'2935476'),(100,'2820852'),(110,'3450650'),(120,'1655441'),(130,'2404425'),(140,'0470752'),(150,'2561572'),(160,'2726560'),(170,'1661199'),(180,'2908446'),(190,'3713166'),(200,'3660770'),(206,'0043669'),(216,'1810683'),(235,'2113681'),(245,'2433040'),(264,'3235888'),(274,'2929890');
/*!40000 ALTER TABLE `alternate_ids` ENABLE KEYS */;
UNLOCK TABLES;

--
-- Table structure for table `characters`
--

DROP TABLE IF EXISTS `characters`;
/*!40101 SET @saved_cs_client     = @@character_set_client */;
/*!40101 SET character_set_client = utf8 */;
CREATE TABLE `characters` (
  `AbridgedCastEntity_pid` bigint(20) NOT NULL,
  `characters` varchar(255) DEFAULT NULL,
  KEY `FK4h0sjpd6183evvrmgnas1t9uq` (`AbridgedCastEntity_pid`),
  CONSTRAINT `FK4h0sjpd6183evvrmgnas1t9uq` FOREIGN KEY (`AbridgedCastEntity_pid`) REFERENCES `abridged_cast` (`pid`)
) ENGINE=InnoDB DEFAULT CHARSET=utf8;
/*!40101 SET character_set_client = @saved_cs_client */;

--
-- Dumping data for table `characters`
--

LOCK TABLES `characters` WRITE;
/*!40000 ALTER TABLE `characters` DISABLE KEYS */;
INSERT INTO `characters` VALUES (6,'Chief Ray Gaines'),(7,'Emma'),(8,'Blake Gaines'),(9,'Lawrence'),(10,'Daniel'),(16,'Eric Bowen'),(17,'Amy Bowen'),(18,'Griffin Bowen'),(19,'Kendra Bowen'),(20,'Madison Bowen'),(26,'Max Rockatansky'),(27,'Imperator Furiosa'),(28,'Nux'),(29,'Splendid'),(30,'Toast the Knowing'),(36,'Frank'),(37,'David Nix'),(38,'Athena'),(39,'Casey'),(40,'Young Frank Walker'),(46,'Tony Stark/Iron Man'),(47,'Steve Rogers/Captain America'),(48,'Bruce Banner/The Hulk'),(49,'Thor'),(50,'Natasha Romanoff/Black Widow'),(56,'Beca'),(57,'Fat Amy'),(58,'Chloe'),(66,'Brian Gilcrest'),(67,'Allison Ng'),(68,'Tracy Woodside'),(69,'Colonel Lacy'),(70,'Woody Woodside'),(86,'Oh'),(87,'Tip'),(88,'Captain Smek'),(95,'Bathsheba Everdene'),(96,'Frank Troy'),(97,'Gabriel Oak'),(98,'William Boldwood'),(99,'Fanny Robin'),(105,'Dominic Toretto'),(106,'Brian O\'Conner'),(107,'Louie Tran'),(108,'Deckard Shaw'),(109,'Luke Hobbs'),(115,'Paul Blart'),(116,'Maya Blart'),(117,'Vincent Sofel'),(118,'Mom'),(119,'Divina Martinez'),(125,'Adaline'),(126,'Ellis Jones'),(127,'William Jones'),(128,'Flemming'),(129,'Kathy Jones'),(145,'Ava'),(146,'Nathan Bateman'),(147,'Caleb Smith'),(148,'Kyoko'),(149,'Lily'),(155,'James King'),(165,'Luke Collins'),(166,'Sophia'),(167,'Ira Levinson'),(168,'Young Ruth'),(169,'Young Ira'),(175,'Ella'),(176,'The Wicked Stepmother'),(177,'Kit'),(178,'The Fairy Godmother'),(179,'Drisella'),(185,'Tris Prior'),(186,'Four'),(187,'Jack Kang'),(205,'Narrator'),(211,'Carol Petersen'),(212,'Lloyd'),(213,'Bill'),(214,'Rona'),(215,'Georgina'),(221,'Emma Busbee'),(222,'Pepper Flynt Busbee/Little Boy'),(223,'Dr. Fox'),(224,'London Busbee'),(225,'Father Oliver'),(240,'Allan Karlsson'),(241,'Julius Jonsson'),(242,'Benny'),(243,'Gunilla'),(244,'The Boss'),(269,'Jay'),(270,'Paul'),(271,'Greg'),(272,'Kelly'),(273,'Hugh/Jeff'),(288,'Mitch Minniear'),(289,'Susan Malcolm'),(290,'Calvin Campbell'),(291,'Milton Malcolm'),(292,'Franklin Weaver');
/*!40000 ALTER TABLE `characters` ENABLE KEYS */;
UNLOCK TABLES;

--
-- Table structure for table `hibernate_sequence`
--

DROP TABLE IF EXISTS `hibernate_sequence`;
/*!40101 SET @saved_cs_client     = @@character_set_client */;
/*!40101 SET character_set_client = utf8 */;
CREATE TABLE `hibernate_sequence` (
  `next_val` bigint(20) DEFAULT NULL
) ENGINE=InnoDB DEFAULT CHARSET=utf8;
/*!40101 SET character_set_client = @saved_cs_client */;

--
-- Dumping data for table `hibernate_sequence`
--

LOCK TABLES `hibernate_sequence` WRITE;
/*!40000 ALTER TABLE `hibernate_sequence` DISABLE KEYS */;
INSERT INTO `hibernate_sequence` VALUES (293),(293),(293),(293),(293),(293);
/*!40000 ALTER TABLE `hibernate_sequence` ENABLE KEYS */;
UNLOCK TABLES;

--
-- Table structure for table `links`
--

DROP TABLE IF EXISTS `links`;
/*!40101 SET @saved_cs_client     = @@character_set_client */;
/*!40101 SET character_set_client = utf8 */;
CREATE TABLE `links` (
  `id` bigint(20) NOT NULL,
  `alternate` varchar(255) DEFAULT NULL,
  `cast` varchar(255) DEFAULT NULL,
  `review` varchar(255) DEFAULT NULL,
  `self` varchar(255) DEFAULT NULL,
  `similar` varchar(255) DEFAULT NULL,
  PRIMARY KEY (`id`)
) ENGINE=InnoDB DEFAULT CHARSET=utf8;
/*!40101 SET character_set_client = @saved_cs_client */;

--
-- Dumping data for table `links`
--

LOCK TABLES `links` WRITE;
/*!40000 ALTER TABLE `links` DISABLE KEYS */;
INSERT INTO `links` VALUES (2,'http://www.rottentomatoes.com/m/san_andreas/','http://api.rottentomatoes.com/api/public/v1.0/movies/771374432/cast.json',NULL,'http://api.rottentomatoes.com/api/public/v1.0/movies/771374432.json','http://api.rottentomatoes.com/api/public/v1.0/movies/771374432/similar.json'),(12,'http://www.rottentomatoes.com/m/poltergeist-2009/','http://api.rottentomatoes.com/api/public/v1.0/movies/770799339/cast.json',NULL,'http://api.rottentomatoes.com/api/public/v1.0/movies/770799339.json','http://api.rottentomatoes.com/api/public/v1.0/movies/770799339/similar.json'),(22,'http://www.rottentomatoes.com/m/mad_max_fury_road/','http://api.rottentomatoes.com/api/public/v1.0/movies/771028170/cast.json',NULL,'http://api.rottentomatoes.com/api/public/v1.0/movies/771028170.json','http://api.rottentomatoes.com/api/public/v1.0/movies/771028170/similar.json'),(32,'http://www.rottentomatoes.com/m/tomorrowland_2015/','http://api.rottentomatoes.com/api/public/v1.0/movies/771306778/cast.json',NULL,'http://api.rottentomatoes.com/api/public/v1.0/movies/771306778.json','http://api.rottentomatoes.com/api/public/v1.0/movies/771306778/similar.json'),(42,'http://www.rottentomatoes.com/m/avengers_age_of_ultron/','http://api.rottentomatoes.com/api/public/v1.0/movies/771313962/cast.json',NULL,'http://api.rottentomatoes.com/api/public/v1.0/movies/771313962.json','http://api.rottentomatoes.com/api/public/v1.0/movies/771313962/similar.json'),(52,'http://www.rottentomatoes.com/m/pitch_perfect_2/','http://api.rottentomatoes.com/api/public/v1.0/movies/771356696/cast.json',NULL,'http://api.rottentomatoes.com/api/public/v1.0/movies/771356696.json','http://api.rottentomatoes.com/api/public/v1.0/movies/771356696/similar.json'),(62,'http://www.rottentomatoes.com/m/aloha_2015/','http://api.rottentomatoes.com/api/public/v1.0/movies/771356651/cast.json',NULL,'http://api.rottentomatoes.com/api/public/v1.0/movies/771356651.json','http://api.rottentomatoes.com/api/public/v1.0/movies/771356651/similar.json'),(72,'http://www.rottentomatoes.com/m/dont_mess_with_texas_2014/','http://api.rottentomatoes.com/api/public/v1.0/movies/771358545/cast.json',NULL,'http://api.rottentomatoes.com/api/public/v1.0/movies/771358545.json','http://api.rottentomatoes.com/api/public/v1.0/movies/771358545/similar.json'),(82,'http://www.rottentomatoes.com/m/home_2015/','http://api.rottentomatoes.com/api/public/v1.0/movies/771315639/cast.json',NULL,'http://api.rottentomatoes.com/api/public/v1.0/movies/771315639.json','http://api.rottentomatoes.com/api/public/v1.0/movies/771315639/similar.json'),(91,'http://www.rottentomatoes.com/m/far_from_the_madding_crowd_2014/','http://api.rottentomatoes.com/api/public/v1.0/movies/771368269/cast.json',NULL,'http://api.rottentomatoes.com/api/public/v1.0/movies/771368269.json','http://api.rottentomatoes.com/api/public/v1.0/movies/771368269/similar.json'),(101,'http://www.rottentomatoes.com/m/furious_7/','http://api.rottentomatoes.com/api/public/v1.0/movies/771354922/cast.json',NULL,'http://api.rottentomatoes.com/api/public/v1.0/movies/771354922.json','http://api.rottentomatoes.com/api/public/v1.0/movies/771354922/similar.json'),(111,'http://www.rottentomatoes.com/m/paul_blart_mall_cop_2/','http://api.rottentomatoes.com/api/public/v1.0/movies/771372649/cast.json',NULL,'http://api.rottentomatoes.com/api/public/v1.0/movies/771372649.json','http://api.rottentomatoes.com/api/public/v1.0/movies/771372649/similar.json'),(121,'http://www.rottentomatoes.com/m/the_age_of_adaline/','http://api.rottentomatoes.com/api/public/v1.0/movies/771373149/cast.json',NULL,'http://api.rottentomatoes.com/api/public/v1.0/movies/771373149.json','http://api.rottentomatoes.com/api/public/v1.0/movies/771373149/similar.json'),(131,'http://www.rottentomatoes.com/m/woman_in_gold/','http://api.rottentomatoes.com/api/public/v1.0/movies/771406253/cast.json',NULL,'http://api.rottentomatoes.com/api/public/v1.0/movies/771406253.json','http://api.rottentomatoes.com/api/public/v1.0/movies/771406253/similar.json'),(141,'http://www.rottentomatoes.com/m/ex_machina/','http://api.rottentomatoes.com/api/public/v1.0/movies/771383086/cast.json',NULL,'http://api.rottentomatoes.com/api/public/v1.0/movies/771383086.json','http://api.rottentomatoes.com/api/public/v1.0/movies/771383086/similar.json'),(151,'http://www.rottentomatoes.com/m/get_hard/','http://api.rottentomatoes.com/api/public/v1.0/movies/771364722/cast.json',NULL,'http://api.rottentomatoes.com/api/public/v1.0/movies/771364722.json','http://api.rottentomatoes.com/api/public/v1.0/movies/771364722/similar.json'),(161,'http://www.rottentomatoes.com/m/the_longest_ride/','http://api.rottentomatoes.com/api/public/v1.0/movies/771350902/cast.json',NULL,'http://api.rottentomatoes.com/api/public/v1.0/movies/771350902.json','http://api.rottentomatoes.com/api/public/v1.0/movies/771350902/similar.json'),(171,'http://www.rottentomatoes.com/m/cinderella_2013/','http://api.rottentomatoes.com/api/public/v1.0/movies/771270966/cast.json',NULL,'http://api.rottentomatoes.com/api/public/v1.0/movies/771270966.json','http://api.rottentomatoes.com/api/public/v1.0/movies/771270966/similar.json'),(181,'http://www.rottentomatoes.com/m/insurgent/','http://api.rottentomatoes.com/api/public/v1.0/movies/771355806/cast.json',NULL,'http://api.rottentomatoes.com/api/public/v1.0/movies/771355806.json','http://api.rottentomatoes.com/api/public/v1.0/movies/771355806/similar.json'),(191,'http://www.rottentomatoes.com/m/unfriended/','http://api.rottentomatoes.com/api/public/v1.0/movies/771400308/cast.json',NULL,'http://api.rottentomatoes.com/api/public/v1.0/movies/771400308.json','http://api.rottentomatoes.com/api/public/v1.0/movies/771400308/similar.json'),(201,'http://www.rottentomatoes.com/m/monkey_kingdom/','http://api.rottentomatoes.com/api/public/v1.0/movies/771378525/cast.json',NULL,'http://api.rottentomatoes.com/api/public/v1.0/movies/771378525.json','http://api.rottentomatoes.com/api/public/v1.0/movies/771378525/similar.json'),(207,'http://www.rottentomatoes.com/m/ill_see_you_in_my_dreams/','http://api.rottentomatoes.com/api/public/v1.0/movies/770683518/cast.json',NULL,'http://api.rottentomatoes.com/api/public/v1.0/movies/770683518.json','http://api.rottentomatoes.com/api/public/v1.0/movies/770683518/similar.json'),(217,'http://www.rottentomatoes.com/m/little_boy_2015/','http://api.rottentomatoes.com/api/public/v1.0/movies/771372495/cast.json',NULL,'http://api.rottentomatoes.com/api/public/v1.0/movies/771372495.json','http://api.rottentomatoes.com/api/public/v1.0/movies/771372495/similar.json'),(226,'http://www.rottentomatoes.com/m/iris_2015/','http://api.rottentomatoes.com/api/public/v1.0/movies/771402913/cast.json',NULL,'http://api.rottentomatoes.com/api/public/v1.0/movies/771402913.json','http://api.rottentomatoes.com/api/public/v1.0/movies/771402913/similar.json'),(236,'http://www.rottentomatoes.com/m/the_100_year_old_man_who_climbed_out_the_window_and_disappeared/','http://api.rottentomatoes.com/api/public/v1.0/movies/771364450/cast.json',NULL,'http://api.rottentomatoes.com/api/public/v1.0/movies/771364450.json','http://api.rottentomatoes.com/api/public/v1.0/movies/771364450/similar.json'),(246,'http://www.rottentomatoes.com/m/771415998/','http://api.rottentomatoes.com/api/public/v1.0/movies/771415998/cast.json',NULL,'http://api.rottentomatoes.com/api/public/v1.0/movies/771415998.json','http://api.rottentomatoes.com/api/public/v1.0/movies/771415998/similar.json'),(255,'http://www.rottentomatoes.com/m/5_flights_up/','http://api.rottentomatoes.com/api/public/v1.0/movies/771411226/cast.json',NULL,'http://api.rottentomatoes.com/api/public/v1.0/movies/771411226.json','http://api.rottentomatoes.com/api/public/v1.0/movies/771411226/similar.json'),(265,'http://www.rottentomatoes.com/m/it_follows/','http://api.rottentomatoes.com/api/public/v1.0/movies/771380296/cast.json',NULL,'http://api.rottentomatoes.com/api/public/v1.0/movies/771380296.json','http://api.rottentomatoes.com/api/public/v1.0/movies/771380296/similar.json'),(275,'http://www.rottentomatoes.com/m/in_the_name_of_my_daughter/','http://api.rottentomatoes.com/api/public/v1.0/movies/771380149/cast.json',NULL,'http://api.rottentomatoes.com/api/public/v1.0/movies/771380149.json','http://api.rottentomatoes.com/api/public/v1.0/movies/771380149/similar.json'),(284,'http://www.rottentomatoes.com/m/where_hope_grows/','http://api.rottentomatoes.com/api/public/v1.0/movies/771414161/cast.json',NULL,'http://api.rottentomatoes.com/api/public/v1.0/movies/771414161.json','http://api.rottentomatoes.com/api/public/v1.0/movies/771414161/similar.json');
/*!40000 ALTER TABLE `links` ENABLE KEYS */;
UNLOCK TABLES;

--
-- Table structure for table `movie_processed_data`
--

DROP TABLE IF EXISTS `movie_processed_data`;
/*!40101 SET @saved_cs_client     = @@character_set_client */;
/*!40101 SET character_set_client = utf8 */;
CREATE TABLE `movie_processed_data` (
  `id` bigint(20) NOT NULL,
  `duration` int(11) DEFAULT NULL,
  `posterUrl` varchar(255) DEFAULT NULL,
  `releaseDate` datetime DEFAULT NULL,
  `score` int(11) DEFAULT NULL,
  `synopsis` text,
  `thumbUrl` varchar(255) DEFAULT NULL,
  `title` varchar(255) DEFAULT NULL,
  `fk_movie_entity` bigint(20) DEFAULT NULL,
  PRIMARY KEY (`id`),
  KEY `FK34ed0uv17s3wd7t18gema3rga` (`fk_movie_entity`),
  CONSTRAINT `FK34ed0uv17s3wd7t18gema3rga` FOREIGN KEY (`fk_movie_entity`) REFERENCES `movies` (`id`)
) ENGINE=InnoDB DEFAULT CHARSET=utf8;
/*!40101 SET character_set_client = @saved_cs_client */;

--
-- Dumping data for table `movie_processed_data`
--

LOCK TABLES `movie_processed_data` WRITE;
/*!40000 ALTER TABLE `movie_processed_data` DISABLE KEYS */;
INSERT INTO `movie_processed_data` VALUES (770683518,95,'http://resizing.flixster.com/59EXyxuQVQSPh3lr535mYDuoMN0=/54x80/dkpu1ddg7pbsk.cloudfront.net/movie/11/19/10/11191061_ori.jpg','2015-05-15 00:00:00',92,'In this vibrant, funny, and heartfelt film, a widow and former songstress discovers that life can begin anew at any age. With the support of three loyal girlfriends (June Squibb, Rhea Perlman, and Mary Kay Place), Carol (Blythe Danner) decides to embrace the world, embarking on an unlikely friendship with her pool maintenance man (Martin Starr), pursuing a new love interest (Sam Elliott), and reconnecting with her daughter (Malin Akerman). C) Bleeker Street','http://resizing.flixster.com/59EXyxuQVQSPh3lr535mYDuoMN0=/54x80/dkpu1ddg7pbsk.cloudfront.net/movie/11/19/10/11191061_ori.jpg','I\'ll See You in My Dreams',770683518),(770799339,93,'http://resizing.flixster.com/bkYeEV4fy7nKB7-QnOPE_PL57ZI=/54x80/dkpu1ddg7pbsk.cloudfront.net/movie/11/19/08/11190873_ori.jpg','2015-05-22 00:00:00',32,'Legendary filmmaker Sam Raimi (\"Spiderman,\" \"Evil Dead\", \"The Grudge\") and director Gil Kenan (\"Monster House\") contemporize the classic tale about a family whose suburban home is haunted by evil forces. When the terrifying apparitions escalate their attacks and hold the youngest daughter captive, the family must come together to rescue her before she disappears forever. (C) Fox','http://resizing.flixster.com/bkYeEV4fy7nKB7-QnOPE_PL57ZI=/54x80/dkpu1ddg7pbsk.cloudfront.net/movie/11/19/08/11190873_ori.jpg','Poltergeist',770799339),(771028170,120,'http://resizing.flixster.com/fYBKxclWsYLoJy9l5Oa2632NMNM=/54x80/dkpu1ddg7pbsk.cloudfront.net/movie/11/19/12/11191276_ori.jpg','2015-05-15 00:00:00',98,'Filmmaker George Miller gears up for another post-apocalyptic action adventure with Fury Road, the fourth outing in the Mad Max film series. Charlize Theron stars alongside Tom Hardy (Bronson), with Zoe Kravitz, Adelaide Clemens, and Rosie Huntington Whiteley heading up the supporting cast. ~ Jeremy Wheeler, Rovi','http://resizing.flixster.com/fYBKxclWsYLoJy9l5Oa2632NMNM=/54x80/dkpu1ddg7pbsk.cloudfront.net/movie/11/19/12/11191276_ori.jpg','Mad Max: Fury Road',771028170),(771270966,105,'http://resizing.flixster.com/YKGbQ15uM3ETr8gBGCoO0g4ML0Y=/54x80/dkpu1ddg7pbsk.cloudfront.net/movie/11/18/15/11181570_ori.jpg','2015-03-13 00:00:00',84,'Cate Blanchett stars in this new vision of the Cinderella tale from director Kenneth Branagh and the screenwriting team of Chris Weitz and Aline Brosh McKenna for Disney Pictures. ~ Jeremy Wheeler, Rovi','http://resizing.flixster.com/YKGbQ15uM3ETr8gBGCoO0g4ML0Y=/54x80/dkpu1ddg7pbsk.cloudfront.net/movie/11/18/15/11181570_ori.jpg','Cinderella',771270966),(771306778,107,'http://resizing.flixster.com/NfvLf1FYf6Y4CUpWOYIFj63wQTc=/54x80/dkpu1ddg7pbsk.cloudfront.net/movie/11/19/06/11190666_ori.jpg','2015-05-22 00:00:00',49,'From Disney comes two-time Oscar (R) winner Brad Bird\'s riveting, mystery adventure \"Tomorrowland,\" starring Academy Award (R) winner George Clooney. Bound by a shared destiny, former boy-genius Frank (Clooney), jaded by disillusionment, and Casey (Britt Robertson), a bright, optimistic teen bursting with scientific curiosity, embark on a danger-filled mission to unearth the secrets of an enigmatic place somewhere in time and space known only as \"Tomorrowland.\" What they must do there changes the world-and them-forever. Featuring a screenplay by \"Lost\" writer and co-creator Damon Lindelof and Brad Bird, from a story by Lindelof & Bird & Jeff Jensen, \"Tomorrowland\" promises to take audiences on a thrill ride of nonstop adventures through new dimensions that have only been dreamed of.(C) Walt Disney','http://resizing.flixster.com/NfvLf1FYf6Y4CUpWOYIFj63wQTc=/54x80/dkpu1ddg7pbsk.cloudfront.net/movie/11/19/06/11190666_ori.jpg','Tomorrowland',771306778),(771313962,141,'http://resizing.flixster.com/DVeVAWtpeCRUjCsJZWUyv1jxPTA=/54x81/dkpu1ddg7pbsk.cloudfront.net/movie/11/19/01/11190143_ori.jpg','2015-05-01 00:00:00',74,'When Tony Stark jumpstarts a dormant peacekeeping program, things go awry and Earth\'s Mightiest Heroes, including Iron Man, Captain America, Thor, The Incredible Hulk, Black Widow and Hawkeye, are put to the ultimate test as they battle to save the planet from destruction at the hands of the villainous Ultron.','http://resizing.flixster.com/DVeVAWtpeCRUjCsJZWUyv1jxPTA=/54x81/dkpu1ddg7pbsk.cloudfront.net/movie/11/19/01/11190143_ori.jpg','Avengers: Age of Ultron',771313962),(771315639,93,'http://resizing.flixster.com/LO7V_j1xUTlsbwzIyCINBxBm5qE=/54x80/dkpu1ddg7pbsk.cloudfront.net/movie/11/18/17/11181778_ori.jpg','2015-03-26 00:00:00',46,'When Oh, a loveable misfit from another planet, lands on Earth and finds himself on the run from his own people, he forms an unlikely friendship with an adventurous girl named Tip who is on a quest of her own. Through a series of comic adventures with Tip, Oh comes to understand that being different and making mistakes is all part of being human. And while he changes her planet and she changes his world, they discover the true meaning of the word HOME. (c) Fox','http://resizing.flixster.com/LO7V_j1xUTlsbwzIyCINBxBm5qE=/54x80/dkpu1ddg7pbsk.cloudfront.net/movie/11/18/17/11181778_ori.jpg','Home',771315639),(771350902,128,'http://resizing.flixster.com/YSwHOwxwIQkE-Gkv1IsqIvYmNzc=/54x80/dkpu1ddg7pbsk.cloudfront.net/movie/11/18/92/11189234_ori.jpg','2015-04-10 00:00:00',29,'Based on the bestselling novel by master storyteller Nicholas Sparks, THE LONGEST RIDE centers on the star-crossed love affair between Luke, a former champion bull rider looking to make a comeback, and Sophia, a college student who is about to embark upon her dream job in New York City\'s art world. As conflicting paths and ideals test their relationship, Sophia and Luke make an unexpected and feateful connection with Ira, whose memories of his own decades-long romance with his beloved wife deeply inspire the young couple. Spanning generations and two intertwining love stories, THE LONGEST RIDE explores the challenges and infinite rewards of enduring love. (C) Fox','http://resizing.flixster.com/YSwHOwxwIQkE-Gkv1IsqIvYmNzc=/54x80/dkpu1ddg7pbsk.cloudfront.net/movie/11/18/92/11189234_ori.jpg','The Longest Ride',771350902),(771354922,140,'http://resizing.flixster.com/pVDoql2vCTzNNu0t6z0EUlE5G_c=/51x81/dkpu1ddg7pbsk.cloudfront.net/movie/11/18/14/11181482_ori.jpg','2015-04-03 00:00:00',82,'Continuing the global exploits in the unstoppable franchise built on speed, Vin Diesel, Paul Walker and Dwayne Johnson lead the returning cast of Fast & Furious 7. James Wan directs this chapter of the hugely successful series that also welcomes back favorites Michelle Rodriguez, Jordana Brewster, Tyrese Gibson, Chris \"Ludacris\" Bridges, Elsa Pataky and Lucas Black. They are joined by international action stars new to the franchise including Jason Statham, Djimon Hounsou, Tony Jaa, Ronda Rousey and Kurt Russell.','http://resizing.flixster.com/pVDoql2vCTzNNu0t6z0EUlE5G_c=/51x81/dkpu1ddg7pbsk.cloudfront.net/movie/11/18/14/11181482_ori.jpg','Furious 7',771354922),(771355806,119,'http://resizing.flixster.com/yDGJbDZ4tOk8Wsfl2Ljt1JYgHpk=/53x81/dkpu1ddg7pbsk.cloudfront.net/movie/11/18/90/11189059_ori.jpg','2015-03-20 00:00:00',31,'THE DIVERGENT SERIES: INSURGENT raises the stakes for Tris as she searches for allies and answers in the ruins of a futuristic Chicago. Tris (Woodley) and Four (James) are now fugitives on the run, hunted by Jeanine (Winslet), the leader of the power-hungry Erudite elite. Racing against time, they must find out what Tris\'s family sacrificed their lives to protect, and why the Erudite leaders will do anything to stop them. Haunted by her past choices but desperate to protect the ones she loves, Tris, with Four at her side, faces one impossible challenge after another as they unlock the truth about the past and ultimately the future of their world. (C) Lionsgate','http://resizing.flixster.com/yDGJbDZ4tOk8Wsfl2Ljt1JYgHpk=/53x81/dkpu1ddg7pbsk.cloudfront.net/movie/11/18/90/11189059_ori.jpg','Insurgent',771355806),(771356651,105,'http://resizing.flixster.com/vpfAXyJFtvwoiGgaYW2KahuBiLk=/52x81/dkpu1ddg7pbsk.cloudfront.net/movie/11/19/11/11191162_ori.jpg','2015-05-29 00:00:00',19,'Bradley Cooper stars as a defense worker who teams up with a pilot (Emma Stone) to stop a satellite launch in this romantic comedy from Cameron Crowe. Rachel McAdams co-stars. ~ Jeremy Wheeler, Rovi','http://resizing.flixster.com/vpfAXyJFtvwoiGgaYW2KahuBiLk=/52x81/dkpu1ddg7pbsk.cloudfront.net/movie/11/19/11/11191162_ori.jpg','Aloha',771356651),(771356696,114,'http://resizing.flixster.com/-1cJJRR68OnUQpLSWPKmlVbgdE8=/54x77/dkpu1ddg7pbsk.cloudfront.net/movie/11/19/12/11191224_ori.jpg','2015-05-15 00:00:00',65,'Surprise hit Pitch Perfect gets sequelized in this Universal Pictures production once again scripted by Kay Cannon. ~ Jeremy Wheeler, Rovi','http://resizing.flixster.com/-1cJJRR68OnUQpLSWPKmlVbgdE8=/54x77/dkpu1ddg7pbsk.cloudfront.net/movie/11/19/12/11191224_ori.jpg','Pitch Perfect 2',771356696),(771358545,87,'http://resizing.flixster.com/93GTTdckK7HGUfYCfIDPGAmCwkc=/54x80/dkpu1ddg7pbsk.cloudfront.net/movie/11/19/10/11191072_ori.jpg','2015-05-08 00:00:00',7,'In \"Hot Pursuit,\" an uptight and by-the-book cop (Reese Witherspoon) tries to protect the sexy and outgoing widow (Sofia Vergara) of a drug boss as they race through Texas, pursued by crooked cops and murderous gunmen. -- (C) New Line','http://resizing.flixster.com/93GTTdckK7HGUfYCfIDPGAmCwkc=/54x80/dkpu1ddg7pbsk.cloudfront.net/movie/11/19/10/11191072_ori.jpg','Hot Pursuit',771358545),(771364450,114,'http://resizing.flixster.com/WxoMEmHSIfmohifTCin-EyMV_6Q=/54x80/dkpu1ddg7pbsk.cloudfront.net/movie/11/19/12/11191258_ori.jpg','2015-05-08 00:00:00',68,'Based on the internationally best-selling novel by Jonas Jonasson, the unlikely story of a 100-year-old man who decides it\'s not too late to start over. For most people it would be the adventure of a lifetime, but Allan Karlsson\'s unexpected journey is not his first. For a century he\'s made the world uncertain, and now he is on the loose again.','http://resizing.flixster.com/WxoMEmHSIfmohifTCin-EyMV_6Q=/54x80/dkpu1ddg7pbsk.cloudfront.net/movie/11/19/12/11191258_ori.jpg','The 100-Year-Old Man Who Climbed Out the Window and Disappeared',771364450),(771364722,100,'http://resizing.flixster.com/0MNjftQZOIp_jGDQ3Cay9IFbbgU=/54x80/dkpu1ddg7pbsk.cloudfront.net/movie/11/18/91/11189122_ori.jpg','2015-03-27 00:00:00',29,'Will Ferrell and Kevin Hart headline this Warner Bros. comedy about a wrongfully convicted investment banker who prepares for prison life with the help of the man who washes his car. Etan Cohen directs, with Ian Roberts and Jay Martel handling screenwriting duties. ~ Jason Buchanan, Rovi','http://resizing.flixster.com/0MNjftQZOIp_jGDQ3Cay9IFbbgU=/54x80/dkpu1ddg7pbsk.cloudfront.net/movie/11/18/91/11189122_ori.jpg','Get Hard',771364722),(771368269,119,'http://resizing.flixster.com/6UP0cbWfdRndmMN0QOOn_3kIzvg=/54x80/dkpu1ddg7pbsk.cloudfront.net/movie/11/19/09/11190928_ori.jpg','2015-05-01 00:00:00',85,'Based on the literary classic by Thomas Hardy, FAR FROM THE MADDING CROWD is the story of independent, beautiful and headstrong Bathsheba Everdene (Carey Mulligan), who attracts three very different suitors: Gabriel Oak (Matthias Schoenaerts), a sheep farmer, captivated by her fetching willfulness; Frank Troy (Tom Sturridge), a handsome and reckless Sergeant; and William Boldwood (Michael Sheen), a prosperous and mature bachelor. This timeless story of Bathsheba\'s choices and passions explores the nature of relationships and love - as well as the human ability to overcome hardships through resilience and perseverance. (C) Fox Searchlight','http://resizing.flixster.com/6UP0cbWfdRndmMN0QOOn_3kIzvg=/54x80/dkpu1ddg7pbsk.cloudfront.net/movie/11/19/09/11190928_ori.jpg','Far From the Madding Crowd',771368269),(771372495,86,'http://resizing.flixster.com/x-woAabWdCwZEJ3IYgrtxmkdIc4=/54x81/dkpu1ddg7pbsk.cloudfront.net/movie/11/19/05/11190520_ori.jpg','2015-04-24 00:00:00',18,'LITTLE BOY is a powerful and moving film about a little boy who is willing to do whatever it takes to bring his dad home from World War II alive. The heartwarming story will capture your heart and lift your spirits as it reveals the indescribable love a little boy has for his father and the love a father has for his son. Set in the 1940s, LITTLE BOY is an instant cinematic classic that captures the wonder of life through the eyes of a 7- year-old little boy. Written and directed by Smithsonian Institute Award winning director Alejandro Monteverde, LITTLE BOY highlights themes of faith, hope and love in the face of adversity. (C) Open Road','http://resizing.flixster.com/x-woAabWdCwZEJ3IYgrtxmkdIc4=/54x81/dkpu1ddg7pbsk.cloudfront.net/movie/11/19/05/11190520_ori.jpg','Little Boy',771372495),(771372649,94,'http://resizing.flixster.com/BcnRnWjMhKI0lBlFtxp3GxNJnLk=/54x80/dkpu1ddg7pbsk.cloudfront.net/movie/11/18/91/11189143_ori.jpg','2015-04-17 00:00:00',6,'After six years of keeping our malls safe, Paul Blart has earned a well-deserved vacation. He heads to Vegas with his teenage daughter before she heads off to college. But safety never takes a holiday and when duty calls, Blart answers. (C) Sony','http://resizing.flixster.com/BcnRnWjMhKI0lBlFtxp3GxNJnLk=/54x80/dkpu1ddg7pbsk.cloudfront.net/movie/11/18/91/11189143_ori.jpg','Paul Blart: Mall Cop 2',771372649),(771373149,109,'http://resizing.flixster.com/3EnldVZVB_OtlP0LN0sz8lCxJHA=/54x80/dkpu1ddg7pbsk.cloudfront.net/movie/11/18/16/11181617_ori.jpg','2015-04-24 00:00:00',54,'After miraculously remaining 29 years old for almost eight decades, Adaline Bowman (Blake Lively) has lived a solitary existence, never allowing herself to get close to anyone who might reveal her secret. But a chance encounter with charismatic philanthropist Ellis Jones (Michiel Huisman) reignites her passion for life and romance. When a weekend with his parents (Harrison Ford and Kathy Baker) threatens to uncover the truth, Adaline makes a decision that will change her life forever. (C) Lionsgate','http://resizing.flixster.com/3EnldVZVB_OtlP0LN0sz8lCxJHA=/54x80/dkpu1ddg7pbsk.cloudfront.net/movie/11/18/16/11181617_ori.jpg','The Age of Adaline',771373149),(771374432,114,'http://resizing.flixster.com/AeaFMmg9JiQcPXr64RZhonhPQCw=/54x80/dkpu1ddg7pbsk.cloudfront.net/movie/11/19/13/11191363_ori.jpg','2015-05-29 00:00:00',48,'Journey 2: The Mysterious Island\'s Brad Peyton steps into disaster movie territory with this 3D film surrounding an earthquake that hits the West Coast. Carlton Cuse provides the script. ~ Jeremy Wheeler, Rovi','http://resizing.flixster.com/AeaFMmg9JiQcPXr64RZhonhPQCw=/54x80/dkpu1ddg7pbsk.cloudfront.net/movie/11/19/13/11191363_ori.jpg','San Andreas',771374432),(771378525,85,'http://resizing.flixster.com/qEFS7o5AjaCLh0gIydt9w4pgHa8=/54x80/dkpu1ddg7pbsk.cloudfront.net/movie/11/18/91/11189107_ori.jpg','2015-04-17 00:00:00',94,'Mark Linfield\'s nature documentary Monkey Kingdom follows the struggles of a young monkey mother to care for and raise her new baby in the wilds of Southern Asia.','http://resizing.flixster.com/qEFS7o5AjaCLh0gIydt9w4pgHa8=/54x80/dkpu1ddg7pbsk.cloudfront.net/movie/11/18/91/11189107_ori.jpg','Monkey Kingdom',771378525),(771380149,116,'http://resizing.flixster.com/uGKyWSrCBpT3KhUvw2I5luNrAh8=/54x78/dkpu1ddg7pbsk.cloudfront.net/movie/11/19/08/11190891_ori.jpg','2015-05-15 00:00:00',52,'Acclaimed director ANDRE TECHINE brings a gripping real-life thriller to the screen. 1976. When her marriage falls apart, Agnes Le Roux (ADELE HAENEL) moves back to the South of France from Africa to live with her mother, Renee (CATHERINE DENEUVE), owner of the Palais de La Mediterranee casino in Nice. There, Agnes falls in love with Maurice Agnelet (GUILLAUME CANET), a lawyer and Renee\'s business advisor, who is ten years her senior. Maurice continues to have relationships with other women. Agnes is madly in love with him. As a shareholder in the Palais de la Mediterannee casino, Agnes decides to sell what should have been her inheritance to go it alone. A fixed card game threatens the casino\'s financial stability. Someone is trying to intimidate her mother. Behind the scenes hangs the shadow of the mafia and Fratoni, the owner of a rival casino, who wants to take over the Palais de la Mediterannee. Agnelet, who has fallen from grace with Renee, introduces Agnes to Fratoni. Fratoni offers her 3 million francs to vote against her mother in the shareholder\'s meeting. Agnes accepts the offer. Renee loses control of the casino. Agnes finds it hard to cope with her betrayal. Maurice also distances himself from her. In November 1977, after a failed suicide attempt, Agnes disappears. Her body is never found. Thirty years on, Maurice Agnelet remains the prime suspect in a murder case with no body and no proof of his guilt. Convinced of his involvement, Renee is prepared to fight to the bitter end to see him put behind bars... (C) Cohen Media Group','http://resizing.flixster.com/uGKyWSrCBpT3KhUvw2I5luNrAh8=/54x78/dkpu1ddg7pbsk.cloudfront.net/movie/11/19/08/11190891_ori.jpg','In the Name of My Daughter',771380149),(771380296,94,'http://resizing.flixster.com/q7N6i-lodgiFIv2pn2fKcITzDFw=/54x80/dkpu1ddg7pbsk.cloudfront.net/movie/11/19/07/11190713_ori.jpg','2015-04-03 00:00:00',96,'After a strange sexual encounter, a teenager finds herself haunted by nightmarish visions and the inescapable sense that something is after her. (C) Radius-TWC','http://resizing.flixster.com/q7N6i-lodgiFIv2pn2fKcITzDFw=/54x80/dkpu1ddg7pbsk.cloudfront.net/movie/11/19/07/11190713_ori.jpg','It Follows',771380296),(771383086,108,'http://resizing.flixster.com/VLrB49KWh7VJmFvySsgo9e-3Dgw=/54x80/dkpu1ddg7pbsk.cloudfront.net/movie/11/19/09/11190916_ori.jpg','2015-04-24 00:00:00',92,'Alex Garland, writer of 28 Days Later and Sunshine, makes his directorial debut with the stylish and cerebral thriller, EX MACHINA. Caleb Smith (Domhnall Gleeson), a programmer at an internet-search giant, wins a competition to spend a week at the private mountain estate of the company\'s brilliant and reclusive CEO, Nathan Bateman (Oscar Isaac). Upon his arrival, Caleb learns that Nathan has chosen him to be the human component in a Turing Test-charging him with evaluating the capabilities, and ultimately the consciousness, of Nathan\'s latest experiment in artificial intelligence. That experiment is Ava (Alicia Vikander), a breathtaking A.I. whose emotional intelligence proves more sophisticated--and more deceptive--than the two men could have imagined. (C) A24','http://resizing.flixster.com/VLrB49KWh7VJmFvySsgo9e-3Dgw=/54x80/dkpu1ddg7pbsk.cloudfront.net/movie/11/19/09/11190916_ori.jpg','Ex Machina',771383086),(771400308,82,'http://resizing.flixster.com/Dl64_tudLHhNqVPjQtOQ_swSqIw=/51x81/dkpu1ddg7pbsk.cloudfront.net/movie/11/19/06/11190697_ori.jpg','2015-04-17 00:00:00',61,'Unfriended unfolds over a teenager\'s computer screen as she and her friends are stalked by an unseen figure who seeks vengeance for a shaming video that led a vicious bully to kill herself a year earlier.','http://resizing.flixster.com/Dl64_tudLHhNqVPjQtOQ_swSqIw=/51x81/dkpu1ddg7pbsk.cloudfront.net/movie/11/19/06/11190697_ori.jpg','Unfriended',771400308),(771402913,80,'http://resizing.flixster.com/CuMU3JQwnRSmpOEF6LnQIAr7mQ0=/54x80/dkpu1ddg7pbsk.cloudfront.net/movie/11/19/06/11190646_ori.jpg','2015-04-29 00:00:00',98,'IRIS pairs legendary 87-year-old documentarian Albert Maysles with Iris Apfel, the quick-witted, flamboyantly dressed 93-year-old style maven who has had an outsized presence on the New York fashion scene for decades. More than a fashion film, the documentary is a story about creativity and how, even in Iris\' dotage, a soaring free spirit continues to inspire. IRIS portrays a singular woman whose enthusiasm for fashion, art and people are life\'s sustenance and reminds us that dressing, and indeed life, is nothing but an experiment. Despite the abundance of glamour in her current life, she continues to embrace the values and work ethic established during a middle-class Queens upbringing during the Great Depression. \"I feel lucky to be working. If you\'re lucky enough to do something you love, everything else follows.\" (C) Magnolia','http://resizing.flixster.com/CuMU3JQwnRSmpOEF6LnQIAr7mQ0=/54x80/dkpu1ddg7pbsk.cloudfront.net/movie/11/19/06/11190646_ori.jpg','Iris',771402913),(771406253,110,'http://resizing.flixster.com/_m1asW7RHchTI9Fr5cGl9x9zcao=/54x77/dkpu1ddg7pbsk.cloudfront.net/movie/11/19/06/11190645_ori.jpg','2015-04-01 00:00:00',52,'WOMAN IN GOLD is the remarkable true story of one woman\'s journey to reclaim her heritage and seek justice for what happened to her family. Sixty years after she fled Vienna during World War II, an elderly Jewish woman, Maria Altmann (Mirren), starts her journey to retrieve family possessions seized by the Nazis, among them Klimt\'s famous painting \'Portrait of Adele Bloch-Bauer I\'. Together with her inexperienced but plucky young lawyer Randy Schoenberg (Reynolds), she embarks upon a major battle which takes them all the way to the heart of the Austrian establishment and the U.S. Supreme Court, and forces her to confront difficult truths about the past along the way. (C) TWC','http://resizing.flixster.com/_m1asW7RHchTI9Fr5cGl9x9zcao=/54x77/dkpu1ddg7pbsk.cloudfront.net/movie/11/19/06/11190645_ori.jpg','Woman in Gold',771406253),(771411226,92,'http://resizing.flixster.com/dClABf2s-MpYe3xYuafzL-Q_ARs=/54x80/dkpu1ddg7pbsk.cloudfront.net/movie/11/19/08/11190848_ori.jpg','2015-05-08 00:00:00',61,'Forty years ago, artist Alex Carver (Morgan Freeman) bought a run-down apartment in a sketchy part of Brooklyn with his wife, schoolteacher Ruth (Diane Keaton). Today, their neighborhood is now very hip and their apartment worth a small fortune. The now- retired Ruth and Alex haven\'t changed - they are still as much in love as ever. But they have let Ruth\'s niece Lily (Cynthia Nixon), a real estate agent, list their property to see what the market might bear. On the eve of their open house, the Brooklyn Bridge is rumored to be under a terrorist attack, sending the media into a frenzy and people\'s attitudes about living in New York. Closer to home, Dorothy, the Carver\'s beloved dog, is suddenly having trouble walking. While Dorothy is having expensive treatment at the vet, Ruth convinces Alex to go apartment hunting in Manhattan, where they miraculously come across an ideal place they might actually be able to afford. As the world around them seems to mirror their own chaos and confusion, Ruth and Alex realize the same bond of love that has kept them together all these years will allow them to see their way through this crazy weekend as well.(C) Focus','http://resizing.flixster.com/dClABf2s-MpYe3xYuafzL-Q_ARs=/54x80/dkpu1ddg7pbsk.cloudfront.net/movie/11/19/08/11190848_ori.jpg','5 Flights Up',771411226),(771414161,95,'http://resizing.flixster.com/9wUylsQJNtn1qq3RoP8-ds5aBQw=/54x77/dkpu1ddg7pbsk.cloudfront.net/movie/11/19/06/11190611_ori.jpg','2015-05-15 00:00:00',46,'Calvin Campbell is a former professional baseball player sent to an early retirement due to his panic attacks at the plate. Even though he had all the talent for the big leagues, he struggles with the curveballs life has thrown him. Today, he mindlessly sleepwalks through his days and the challenge of raising his teenager daughter. His life is in a slow downward spiral when it is suddenly awakened and invigorated by the most unlikely person - Produce, a young-man with Down syndrome who works at the local grocery store. Calvin slowly loses the chip on his shoulder as he begins to experience the world through Produce\'s eyes. Faith, work, purpose and most importantly family, blossom into Calvin\'s life as their friendship develops. The unlikely pair becomes intertwined giving Calvin\'s life new meaning and purpose, but unfortunately leads to tragedy due to single decision echoed from Calvin\'s past.','http://resizing.flixster.com/9wUylsQJNtn1qq3RoP8-ds5aBQw=/54x77/dkpu1ddg7pbsk.cloudfront.net/movie/11/19/06/11190611_ori.jpg','Where Hope Grows',771414161),(771415998,120,'http://resizing.flixster.com/Zf3T6klH-p6K3Gw88AMrxP-81kI=/54x80/dkpu1ddg7pbsk.cloudfront.net/movie/11/19/08/11190898_ori.jpg','2015-04-06 00:00:00',-1,'The chief mercenary for the British East India Company, being double crossed by his former employer, has made his way to the American Colonies. Working to redeem his name, William Reynolds (Andrew Cheney) now hides behind a different mask in hopes of thwarting his former employer. As his past life closes in on him, Will must somehow gain the trust and the help of his beloved Charlotte, a woman he has been lying to, as well as a colonial intellectual by the name of Ben Franklin. All the while he races against time to defuse a plot that could have devastating effect on the birth of a new nation. (C) Submarine','http://resizing.flixster.com/Zf3T6klH-p6K3Gw88AMrxP-81kI=/54x80/dkpu1ddg7pbsk.cloudfront.net/movie/11/19/08/11190898_ori.jpg','Beyond The Mask',771415998);
/*!40000 ALTER TABLE `movie_processed_data` ENABLE KEYS */;
UNLOCK TABLES;

--
-- Table structure for table `movies`
--

DROP TABLE IF EXISTS `movies`;
/*!40101 SET @saved_cs_client     = @@character_set_client */;
/*!40101 SET character_set_client = utf8 */;
CREATE TABLE `movies` (
  `id` bigint(20) NOT NULL,
  `critics_consensus` varchar(255) DEFAULT NULL,
  `mpaa_rating` varchar(255) DEFAULT NULL,
  `runtime` int(11) DEFAULT NULL,
  `synopsis` text,
  `title` varchar(255) DEFAULT NULL,
  `year` int(11) DEFAULT NULL,
  `fk_alternate_ids` bigint(20) DEFAULT NULL,
  `fk_links` bigint(20) DEFAULT NULL,
  `fk_posters` bigint(20) DEFAULT NULL,
  `fk_ratings` bigint(20) DEFAULT NULL,
  `fk_release_date` bigint(20) DEFAULT NULL,
  PRIMARY KEY (`id`),
  KEY `FK5oqs4d14o6i00brdchh2memre` (`fk_alternate_ids`),
  KEY `FKeubdxkeju9omnhtfpn6ft0u83` (`fk_links`),
  KEY `FKs3wfmgb902fb5bpfsfdt5nver` (`fk_posters`),
  KEY `FKcdgm2vbnbjasc8ri9teksl4r3` (`fk_ratings`),
  KEY `FK8oqov0kk5qyk105hegh98k073` (`fk_release_date`),
  CONSTRAINT `FK5oqs4d14o6i00brdchh2memre` FOREIGN KEY (`fk_alternate_ids`) REFERENCES `alternate_ids` (`id`),
  CONSTRAINT `FK8oqov0kk5qyk105hegh98k073` FOREIGN KEY (`fk_release_date`) REFERENCES `release_dates` (`id`),
  CONSTRAINT `FKcdgm2vbnbjasc8ri9teksl4r3` FOREIGN KEY (`fk_ratings`) REFERENCES `ratings` (`id`),
  CONSTRAINT `FKeubdxkeju9omnhtfpn6ft0u83` FOREIGN KEY (`fk_links`) REFERENCES `links` (`id`),
  CONSTRAINT `FKs3wfmgb902fb5bpfsfdt5nver` FOREIGN KEY (`fk_posters`) REFERENCES `posters` (`id`)
) ENGINE=InnoDB DEFAULT CHARSET=utf8;
/*!40101 SET character_set_client = @saved_cs_client */;

--
-- Dumping data for table `movies`
--

LOCK TABLES `movies` WRITE;
/*!40000 ALTER TABLE `movies` DISABLE KEYS */;
INSERT INTO `movies` VALUES (770683518,'','PG-13',95,'In this vibrant, funny, and heartfelt film, a widow and former songstress discovers that life can begin anew at any age. With the support of three loyal girlfriends (June Squibb, Rhea Perlman, and Mary Kay Place), Carol (Blythe Danner) decides to embrace the world, embarking on an unlikely friendship with her pool maintenance man (Martin Starr), pursuing a new love interest (Sam Elliott), and reconnecting with her daughter (Malin Akerman). C) Bleeker Street','I\'ll See You in My Dreams',2015,206,207,208,209,210),(770799339,'','PG-13',93,'Legendary filmmaker Sam Raimi (\"Spiderman,\" \"Evil Dead\", \"The Grudge\") and director Gil Kenan (\"Monster House\") contemporize the classic tale about a family whose suburban home is haunted by evil forces. When the terrifying apparitions escalate their attacks and hold the youngest daughter captive, the family must come together to rescue her before she disappears forever. (C) Fox','Poltergeist',2015,11,12,13,14,15),(771028170,'','R',120,'Filmmaker George Miller gears up for another post-apocalyptic action adventure with Fury Road, the fourth outing in the Mad Max film series. Charlize Theron stars alongside Tom Hardy (Bronson), with Zoe Kravitz, Adelaide Clemens, and Rosie Huntington Whiteley heading up the supporting cast. ~ Jeremy Wheeler, Rovi','Mad Max: Fury Road',2015,21,22,23,24,25),(771270966,'','PG',105,'Cate Blanchett stars in this new vision of the Cinderella tale from director Kenneth Branagh and the screenwriting team of Chris Weitz and Aline Brosh McKenna for Disney Pictures. ~ Jeremy Wheeler, Rovi','Cinderella',2015,170,171,172,173,174),(771306778,'','PG',107,'From Disney comes two-time Oscar (R) winner Brad Bird\'s riveting, mystery adventure \"Tomorrowland,\" starring Academy Award (R) winner George Clooney. Bound by a shared destiny, former boy-genius Frank (Clooney), jaded by disillusionment, and Casey (Britt Robertson), a bright, optimistic teen bursting with scientific curiosity, embark on a danger-filled mission to unearth the secrets of an enigmatic place somewhere in time and space known only as \"Tomorrowland.\" What they must do there changes the world-and them-forever. Featuring a screenplay by \"Lost\" writer and co-creator Damon Lindelof and Brad Bird, from a story by Lindelof & Bird & Jeff Jensen, \"Tomorrowland\" promises to take audiences on a thrill ride of nonstop adventures through new dimensions that have only been dreamed of.(C) Walt Disney','Tomorrowland',2015,31,32,33,34,35),(771313962,'','PG-13',141,'When Tony Stark jumpstarts a dormant peacekeeping program, things go awry and Earth\'s Mightiest Heroes, including Iron Man, Captain America, Thor, The Incredible Hulk, Black Widow and Hawkeye, are put to the ultimate test as they battle to save the planet from destruction at the hands of the villainous Ultron.','Avengers: Age of Ultron',2015,41,42,43,44,45),(771315639,'','PG',93,'When Oh, a loveable misfit from another planet, lands on Earth and finds himself on the run from his own people, he forms an unlikely friendship with an adventurous girl named Tip who is on a quest of her own. Through a series of comic adventures with Tip, Oh comes to understand that being different and making mistakes is all part of being human. And while he changes her planet and she changes his world, they discover the true meaning of the word HOME. (c) Fox','Home',2015,81,82,83,84,85),(771350902,'','PG-13',128,'Based on the bestselling novel by master storyteller Nicholas Sparks, THE LONGEST RIDE centers on the star-crossed love affair between Luke, a former champion bull rider looking to make a comeback, and Sophia, a college student who is about to embark upon her dream job in New York City\'s art world. As conflicting paths and ideals test their relationship, Sophia and Luke make an unexpected and feateful connection with Ira, whose memories of his own decades-long romance with his beloved wife deeply inspire the young couple. Spanning generations and two intertwining love stories, THE LONGEST RIDE explores the challenges and infinite rewards of enduring love. (C) Fox','The Longest Ride',2015,160,161,162,163,164),(771354922,'','PG-13',140,'Continuing the global exploits in the unstoppable franchise built on speed, Vin Diesel, Paul Walker and Dwayne Johnson lead the returning cast of Fast & Furious 7. James Wan directs this chapter of the hugely successful series that also welcomes back favorites Michelle Rodriguez, Jordana Brewster, Tyrese Gibson, Chris \"Ludacris\" Bridges, Elsa Pataky and Lucas Black. They are joined by international action stars new to the franchise including Jason Statham, Djimon Hounsou, Tony Jaa, Ronda Rousey and Kurt Russell.','Furious 7',2015,100,101,102,103,104),(771355806,'','PG-13',119,'THE DIVERGENT SERIES: INSURGENT raises the stakes for Tris as she searches for allies and answers in the ruins of a futuristic Chicago. Tris (Woodley) and Four (James) are now fugitives on the run, hunted by Jeanine (Winslet), the leader of the power-hungry Erudite elite. Racing against time, they must find out what Tris\'s family sacrificed their lives to protect, and why the Erudite leaders will do anything to stop them. Haunted by her past choices but desperate to protect the ones she loves, Tris, with Four at her side, faces one impossible challenge after another as they unlock the truth about the past and ultimately the future of their world. (C) Lionsgate','Insurgent',2015,180,181,182,183,184),(771356651,'','PG-13',105,'Bradley Cooper stars as a defense worker who teams up with a pilot (Emma Stone) to stop a satellite launch in this romantic comedy from Cameron Crowe. Rachel McAdams co-stars. ~ Jeremy Wheeler, Rovi','Aloha',2015,61,62,63,64,65),(771356696,'','PG-13',114,'Surprise hit Pitch Perfect gets sequelized in this Universal Pictures production once again scripted by Kay Cannon. ~ Jeremy Wheeler, Rovi','Pitch Perfect 2',2015,51,52,53,54,55),(771358545,'','PG-13',87,'In \"Hot Pursuit,\" an uptight and by-the-book cop (Reese Witherspoon) tries to protect the sexy and outgoing widow (Sofia Vergara) of a drug boss as they race through Texas, pursued by crooked cops and murderous gunmen. -- (C) New Line','Hot Pursuit',2015,71,72,73,74,75),(771364450,'','R',114,'Based on the internationally best-selling novel by Jonas Jonasson, the unlikely story of a 100-year-old man who decides it\'s not too late to start over. For most people it would be the adventure of a lifetime, but Allan Karlsson\'s unexpected journey is not his first. For a century he\'s made the world uncertain, and now he is on the loose again.','The 100-Year-Old Man Who Climbed Out the Window and Disappeared',2015,235,236,237,238,239),(771364722,'','R',100,'Will Ferrell and Kevin Hart headline this Warner Bros. comedy about a wrongfully convicted investment banker who prepares for prison life with the help of the man who washes his car. Etan Cohen directs, with Ian Roberts and Jay Martel handling screenwriting duties. ~ Jason Buchanan, Rovi','Get Hard',2015,150,151,152,153,154),(771368269,'','PG-13',119,'Based on the literary classic by Thomas Hardy, FAR FROM THE MADDING CROWD is the story of independent, beautiful and headstrong Bathsheba Everdene (Carey Mulligan), who attracts three very different suitors: Gabriel Oak (Matthias Schoenaerts), a sheep farmer, captivated by her fetching willfulness; Frank Troy (Tom Sturridge), a handsome and reckless Sergeant; and William Boldwood (Michael Sheen), a prosperous and mature bachelor. This timeless story of Bathsheba\'s choices and passions explores the nature of relationships and love - as well as the human ability to overcome hardships through resilience and perseverance. (C) Fox Searchlight','Far From the Madding Crowd',2015,90,91,92,93,94),(771372495,'','PG-13',86,'LITTLE BOY is a powerful and moving film about a little boy who is willing to do whatever it takes to bring his dad home from World War II alive. The heartwarming story will capture your heart and lift your spirits as it reveals the indescribable love a little boy has for his father and the love a father has for his son. Set in the 1940s, LITTLE BOY is an instant cinematic classic that captures the wonder of life through the eyes of a 7- year-old little boy. Written and directed by Smithsonian Institute Award winning director Alejandro Monteverde, LITTLE BOY highlights themes of faith, hope and love in the face of adversity. (C) Open Road','Little Boy',2015,216,217,218,219,220),(771372649,'','PG',94,'After six years of keeping our malls safe, Paul Blart has earned a well-deserved vacation. He heads to Vegas with his teenage daughter before she heads off to college. But safety never takes a holiday and when duty calls, Blart answers. (C) Sony','Paul Blart: Mall Cop 2',2015,110,111,112,113,114),(771373149,'','PG-13',109,'After miraculously remaining 29 years old for almost eight decades, Adaline Bowman (Blake Lively) has lived a solitary existence, never allowing herself to get close to anyone who might reveal her secret. But a chance encounter with charismatic philanthropist Ellis Jones (Michiel Huisman) reignites her passion for life and romance. When a weekend with his parents (Harrison Ford and Kathy Baker) threatens to uncover the truth, Adaline makes a decision that will change her life forever. (C) Lionsgate','The Age of Adaline',2015,120,121,122,123,124),(771374432,'','PG-13',114,'Journey 2: The Mysterious Island\'s Brad Peyton steps into disaster movie territory with this 3D film surrounding an earthquake that hits the West Coast. Carlton Cuse provides the script. ~ Jeremy Wheeler, Rovi','San Andreas',2015,1,2,3,4,5),(771378525,'','G',85,'Mark Linfield\'s nature documentary Monkey Kingdom follows the struggles of a young monkey mother to care for and raise her new baby in the wilds of Southern Asia.','Monkey Kingdom',2015,200,201,202,203,204),(771380149,'','R',116,'Acclaimed director ANDRE TECHINE brings a gripping real-life thriller to the screen. 1976. When her marriage falls apart, Agnes Le Roux (ADELE HAENEL) moves back to the South of France from Africa to live with her mother, Renee (CATHERINE DENEUVE), owner of the Palais de La Mediterranee casino in Nice. There, Agnes falls in love with Maurice Agnelet (GUILLAUME CANET), a lawyer and Renee\'s business advisor, who is ten years her senior. Maurice continues to have relationships with other women. Agnes is madly in love with him. As a shareholder in the Palais de la Mediterannee casino, Agnes decides to sell what should have been her inheritance to go it alone. A fixed card game threatens the casino\'s financial stability. Someone is trying to intimidate her mother. Behind the scenes hangs the shadow of the mafia and Fratoni, the owner of a rival casino, who wants to take over the Palais de la Mediterannee. Agnelet, who has fallen from grace with Renee, introduces Agnes to Fratoni. Fratoni offers her 3 million francs to vote against her mother in the shareholder\'s meeting. Agnes accepts the offer. Renee loses control of the casino. Agnes finds it hard to cope with her betrayal. Maurice also distances himself from her. In November 1977, after a failed suicide attempt, Agnes disappears. Her body is never found. Thirty years on, Maurice Agnelet remains the prime suspect in a murder case with no body and no proof of his guilt. Convinced of his involvement, Renee is prepared to fight to the bitter end to see him put behind bars... (C) Cohen Media Group','In the Name of My Daughter',2015,274,275,276,277,278),(771380296,'','R',94,'After a strange sexual encounter, a teenager finds herself haunted by nightmarish visions and the inescapable sense that something is after her. (C) Radius-TWC','It Follows',2015,264,265,266,267,268),(771383086,'','R',108,'Alex Garland, writer of 28 Days Later and Sunshine, makes his directorial debut with the stylish and cerebral thriller, EX MACHINA. Caleb Smith (Domhnall Gleeson), a programmer at an internet-search giant, wins a competition to spend a week at the private mountain estate of the company\'s brilliant and reclusive CEO, Nathan Bateman (Oscar Isaac). Upon his arrival, Caleb learns that Nathan has chosen him to be the human component in a Turing Test-charging him with evaluating the capabilities, and ultimately the consciousness, of Nathan\'s latest experiment in artificial intelligence. That experiment is Ava (Alicia Vikander), a breathtaking A.I. whose emotional intelligence proves more sophisticated--and more deceptive--than the two men could have imagined. (C) A24','Ex Machina',2015,140,141,142,143,144),(771400308,'','R',82,'Unfriended unfolds over a teenager\'s computer screen as she and her friends are stalked by an unseen figure who seeks vengeance for a shaming video that led a vicious bully to kill herself a year earlier.','Unfriended',2015,190,191,192,193,194),(771402913,'','PG-13',80,'IRIS pairs legendary 87-year-old documentarian Albert Maysles with Iris Apfel, the quick-witted, flamboyantly dressed 93-year-old style maven who has had an outsized presence on the New York fashion scene for decades. More than a fashion film, the documentary is a story about creativity and how, even in Iris\' dotage, a soaring free spirit continues to inspire. IRIS portrays a singular woman whose enthusiasm for fashion, art and people are life\'s sustenance and reminds us that dressing, and indeed life, is nothing but an experiment. Despite the abundance of glamour in her current life, she continues to embrace the values and work ethic established during a middle-class Queens upbringing during the Great Depression. \"I feel lucky to be working. If you\'re lucky enough to do something you love, everything else follows.\" (C) Magnolia','Iris',2015,NULL,226,227,228,229),(771406253,'','PG-13',110,'WOMAN IN GOLD is the remarkable true story of one woman\'s journey to reclaim her heritage and seek justice for what happened to her family. Sixty years after she fled Vienna during World War II, an elderly Jewish woman, Maria Altmann (Mirren), starts her journey to retrieve family possessions seized by the Nazis, among them Klimt\'s famous painting \'Portrait of Adele Bloch-Bauer I\'. Together with her inexperienced but plucky young lawyer Randy Schoenberg (Reynolds), she embarks upon a major battle which takes them all the way to the heart of the Austrian establishment and the U.S. Supreme Court, and forces her to confront difficult truths about the past along the way. (C) TWC','Woman in Gold',2015,130,131,132,133,134),(771411226,'','PG-13',92,'Forty years ago, artist Alex Carver (Morgan Freeman) bought a run-down apartment in a sketchy part of Brooklyn with his wife, schoolteacher Ruth (Diane Keaton). Today, their neighborhood is now very hip and their apartment worth a small fortune. The now- retired Ruth and Alex haven\'t changed - they are still as much in love as ever. But they have let Ruth\'s niece Lily (Cynthia Nixon), a real estate agent, list their property to see what the market might bear. On the eve of their open house, the Brooklyn Bridge is rumored to be under a terrorist attack, sending the media into a frenzy and people\'s attitudes about living in New York. Closer to home, Dorothy, the Carver\'s beloved dog, is suddenly having trouble walking. While Dorothy is having expensive treatment at the vet, Ruth convinces Alex to go apartment hunting in Manhattan, where they miraculously come across an ideal place they might actually be able to afford. As the world around them seems to mirror their own chaos and confusion, Ruth and Alex realize the same bond of love that has kept them together all these years will allow them to see their way through this crazy weekend as well.(C) Focus','5 Flights Up',2015,NULL,255,256,257,258),(771414161,NULL,'PG-13',95,'Calvin Campbell is a former professional baseball player sent to an early retirement due to his panic attacks at the plate. Even though he had all the talent for the big leagues, he struggles with the curveballs life has thrown him. Today, he mindlessly sleepwalks through his days and the challenge of raising his teenager daughter. His life is in a slow downward spiral when it is suddenly awakened and invigorated by the most unlikely person - Produce, a young-man with Down syndrome who works at the local grocery store. Calvin slowly loses the chip on his shoulder as he begins to experience the world through Produce\'s eyes. Faith, work, purpose and most importantly family, blossom into Calvin\'s life as their friendship develops. The unlikely pair becomes intertwined giving Calvin\'s life new meaning and purpose, but unfortunately leads to tragedy due to single decision echoed from Calvin\'s past.','Where Hope Grows',2015,NULL,284,285,286,287),(771415998,NULL,'PG',120,'The chief mercenary for the British East India Company, being double crossed by his former employer, has made his way to the American Colonies. Working to redeem his name, William Reynolds (Andrew Cheney) now hides behind a different mask in hopes of thwarting his former employer. As his past life closes in on him, Will must somehow gain the trust and the help of his beloved Charlotte, a woman he has been lying to, as well as a colonial intellectual by the name of Ben Franklin. All the while he races against time to defuse a plot that could have devastating effect on the birth of a new nation. (C) Submarine','Beyond The Mask',2015,245,246,247,248,249);
/*!40000 ALTER TABLE `movies` ENABLE KEYS */;
UNLOCK TABLES;

--
-- Table structure for table `posters`
--

DROP TABLE IF EXISTS `posters`;
/*!40101 SET @saved_cs_client     = @@character_set_client */;
/*!40101 SET character_set_client = utf8 */;
CREATE TABLE `posters` (
  `id` bigint(20) NOT NULL,
  `detailed` varchar(255) DEFAULT NULL,
  `original` varchar(255) DEFAULT NULL,
  `profile` varchar(255) DEFAULT NULL,
  `thumbnail` varchar(255) DEFAULT NULL,
  PRIMARY KEY (`id`)
) ENGINE=InnoDB DEFAULT CHARSET=utf8;
/*!40101 SET character_set_client = @saved_cs_client */;

--
-- Dumping data for table `posters`
--

LOCK TABLES `posters` WRITE;
/*!40000 ALTER TABLE `posters` DISABLE KEYS */;
INSERT INTO `posters` VALUES (3,'http://resizing.flixster.com/AeaFMmg9JiQcPXr64RZhonhPQCw=/54x80/dkpu1ddg7pbsk.cloudfront.net/movie/11/19/13/11191363_ori.jpg','http://resizing.flixster.com/AeaFMmg9JiQcPXr64RZhonhPQCw=/54x80/dkpu1ddg7pbsk.cloudfront.net/movie/11/19/13/11191363_ori.jpg','http://resizing.flixster.com/AeaFMmg9JiQcPXr64RZhonhPQCw=/54x80/dkpu1ddg7pbsk.cloudfront.net/movie/11/19/13/11191363_ori.jpg','http://resizing.flixster.com/AeaFMmg9JiQcPXr64RZhonhPQCw=/54x80/dkpu1ddg7pbsk.cloudfront.net/movie/11/19/13/11191363_ori.jpg'),(13,'http://resizing.flixster.com/bkYeEV4fy7nKB7-QnOPE_PL57ZI=/54x80/dkpu1ddg7pbsk.cloudfront.net/movie/11/19/08/11190873_ori.jpg','http://resizing.flixster.com/bkYeEV4fy7nKB7-QnOPE_PL57ZI=/54x80/dkpu1ddg7pbsk.cloudfront.net/movie/11/19/08/11190873_ori.jpg','http://resizing.flixster.com/bkYeEV4fy7nKB7-QnOPE_PL57ZI=/54x80/dkpu1ddg7pbsk.cloudfront.net/movie/11/19/08/11190873_ori.jpg','http://resizing.flixster.com/bkYeEV4fy7nKB7-QnOPE_PL57ZI=/54x80/dkpu1ddg7pbsk.cloudfront.net/movie/11/19/08/11190873_ori.jpg'),(23,'http://resizing.flixster.com/fYBKxclWsYLoJy9l5Oa2632NMNM=/54x80/dkpu1ddg7pbsk.cloudfront.net/movie/11/19/12/11191276_ori.jpg','http://resizing.flixster.com/fYBKxclWsYLoJy9l5Oa2632NMNM=/54x80/dkpu1ddg7pbsk.cloudfront.net/movie/11/19/12/11191276_ori.jpg','http://resizing.flixster.com/fYBKxclWsYLoJy9l5Oa2632NMNM=/54x80/dkpu1ddg7pbsk.cloudfront.net/movie/11/19/12/11191276_ori.jpg','http://resizing.flixster.com/fYBKxclWsYLoJy9l5Oa2632NMNM=/54x80/dkpu1ddg7pbsk.cloudfront.net/movie/11/19/12/11191276_ori.jpg'),(33,'http://resizing.flixster.com/NfvLf1FYf6Y4CUpWOYIFj63wQTc=/54x80/dkpu1ddg7pbsk.cloudfront.net/movie/11/19/06/11190666_ori.jpg','http://resizing.flixster.com/NfvLf1FYf6Y4CUpWOYIFj63wQTc=/54x80/dkpu1ddg7pbsk.cloudfront.net/movie/11/19/06/11190666_ori.jpg','http://resizing.flixster.com/NfvLf1FYf6Y4CUpWOYIFj63wQTc=/54x80/dkpu1ddg7pbsk.cloudfront.net/movie/11/19/06/11190666_ori.jpg','http://resizing.flixster.com/NfvLf1FYf6Y4CUpWOYIFj63wQTc=/54x80/dkpu1ddg7pbsk.cloudfront.net/movie/11/19/06/11190666_ori.jpg'),(43,'http://resizing.flixster.com/DVeVAWtpeCRUjCsJZWUyv1jxPTA=/54x81/dkpu1ddg7pbsk.cloudfront.net/movie/11/19/01/11190143_ori.jpg','http://resizing.flixster.com/DVeVAWtpeCRUjCsJZWUyv1jxPTA=/54x81/dkpu1ddg7pbsk.cloudfront.net/movie/11/19/01/11190143_ori.jpg','http://resizing.flixster.com/DVeVAWtpeCRUjCsJZWUyv1jxPTA=/54x81/dkpu1ddg7pbsk.cloudfront.net/movie/11/19/01/11190143_ori.jpg','http://resizing.flixster.com/DVeVAWtpeCRUjCsJZWUyv1jxPTA=/54x81/dkpu1ddg7pbsk.cloudfront.net/movie/11/19/01/11190143_ori.jpg'),(53,'http://resizing.flixster.com/-1cJJRR68OnUQpLSWPKmlVbgdE8=/54x77/dkpu1ddg7pbsk.cloudfront.net/movie/11/19/12/11191224_ori.jpg','http://resizing.flixster.com/-1cJJRR68OnUQpLSWPKmlVbgdE8=/54x77/dkpu1ddg7pbsk.cloudfront.net/movie/11/19/12/11191224_ori.jpg','http://resizing.flixster.com/-1cJJRR68OnUQpLSWPKmlVbgdE8=/54x77/dkpu1ddg7pbsk.cloudfront.net/movie/11/19/12/11191224_ori.jpg','http://resizing.flixster.com/-1cJJRR68OnUQpLSWPKmlVbgdE8=/54x77/dkpu1ddg7pbsk.cloudfront.net/movie/11/19/12/11191224_ori.jpg'),(63,'http://resizing.flixster.com/vpfAXyJFtvwoiGgaYW2KahuBiLk=/52x81/dkpu1ddg7pbsk.cloudfront.net/movie/11/19/11/11191162_ori.jpg','http://resizing.flixster.com/vpfAXyJFtvwoiGgaYW2KahuBiLk=/52x81/dkpu1ddg7pbsk.cloudfront.net/movie/11/19/11/11191162_ori.jpg','http://resizing.flixster.com/vpfAXyJFtvwoiGgaYW2KahuBiLk=/52x81/dkpu1ddg7pbsk.cloudfront.net/movie/11/19/11/11191162_ori.jpg','http://resizing.flixster.com/vpfAXyJFtvwoiGgaYW2KahuBiLk=/52x81/dkpu1ddg7pbsk.cloudfront.net/movie/11/19/11/11191162_ori.jpg'),(73,'http://resizing.flixster.com/93GTTdckK7HGUfYCfIDPGAmCwkc=/54x80/dkpu1ddg7pbsk.cloudfront.net/movie/11/19/10/11191072_ori.jpg','http://resizing.flixster.com/93GTTdckK7HGUfYCfIDPGAmCwkc=/54x80/dkpu1ddg7pbsk.cloudfront.net/movie/11/19/10/11191072_ori.jpg','http://resizing.flixster.com/93GTTdckK7HGUfYCfIDPGAmCwkc=/54x80/dkpu1ddg7pbsk.cloudfront.net/movie/11/19/10/11191072_ori.jpg','http://resizing.flixster.com/93GTTdckK7HGUfYCfIDPGAmCwkc=/54x80/dkpu1ddg7pbsk.cloudfront.net/movie/11/19/10/11191072_ori.jpg'),(83,'http://resizing.flixster.com/LO7V_j1xUTlsbwzIyCINBxBm5qE=/54x80/dkpu1ddg7pbsk.cloudfront.net/movie/11/18/17/11181778_ori.jpg','http://resizing.flixster.com/LO7V_j1xUTlsbwzIyCINBxBm5qE=/54x80/dkpu1ddg7pbsk.cloudfront.net/movie/11/18/17/11181778_ori.jpg','http://resizing.flixster.com/LO7V_j1xUTlsbwzIyCINBxBm5qE=/54x80/dkpu1ddg7pbsk.cloudfront.net/movie/11/18/17/11181778_ori.jpg','http://resizing.flixster.com/LO7V_j1xUTlsbwzIyCINBxBm5qE=/54x80/dkpu1ddg7pbsk.cloudfront.net/movie/11/18/17/11181778_ori.jpg'),(92,'http://resizing.flixster.com/6UP0cbWfdRndmMN0QOOn_3kIzvg=/54x80/dkpu1ddg7pbsk.cloudfront.net/movie/11/19/09/11190928_ori.jpg','http://resizing.flixster.com/6UP0cbWfdRndmMN0QOOn_3kIzvg=/54x80/dkpu1ddg7pbsk.cloudfront.net/movie/11/19/09/11190928_ori.jpg','http://resizing.flixster.com/6UP0cbWfdRndmMN0QOOn_3kIzvg=/54x80/dkpu1ddg7pbsk.cloudfront.net/movie/11/19/09/11190928_ori.jpg','http://resizing.flixster.com/6UP0cbWfdRndmMN0QOOn_3kIzvg=/54x80/dkpu1ddg7pbsk.cloudfront.net/movie/11/19/09/11190928_ori.jpg'),(102,'http://resizing.flixster.com/pVDoql2vCTzNNu0t6z0EUlE5G_c=/51x81/dkpu1ddg7pbsk.cloudfront.net/movie/11/18/14/11181482_ori.jpg','http://resizing.flixster.com/pVDoql2vCTzNNu0t6z0EUlE5G_c=/51x81/dkpu1ddg7pbsk.cloudfront.net/movie/11/18/14/11181482_ori.jpg','http://resizing.flixster.com/pVDoql2vCTzNNu0t6z0EUlE5G_c=/51x81/dkpu1ddg7pbsk.cloudfront.net/movie/11/18/14/11181482_ori.jpg','http://resizing.flixster.com/pVDoql2vCTzNNu0t6z0EUlE5G_c=/51x81/dkpu1ddg7pbsk.cloudfront.net/movie/11/18/14/11181482_ori.jpg'),(112,'http://resizing.flixster.com/BcnRnWjMhKI0lBlFtxp3GxNJnLk=/54x80/dkpu1ddg7pbsk.cloudfront.net/movie/11/18/91/11189143_ori.jpg','http://resizing.flixster.com/BcnRnWjMhKI0lBlFtxp3GxNJnLk=/54x80/dkpu1ddg7pbsk.cloudfront.net/movie/11/18/91/11189143_ori.jpg','http://resizing.flixster.com/BcnRnWjMhKI0lBlFtxp3GxNJnLk=/54x80/dkpu1ddg7pbsk.cloudfront.net/movie/11/18/91/11189143_ori.jpg','http://resizing.flixster.com/BcnRnWjMhKI0lBlFtxp3GxNJnLk=/54x80/dkpu1ddg7pbsk.cloudfront.net/movie/11/18/91/11189143_ori.jpg'),(122,'http://resizing.flixster.com/3EnldVZVB_OtlP0LN0sz8lCxJHA=/54x80/dkpu1ddg7pbsk.cloudfront.net/movie/11/18/16/11181617_ori.jpg','http://resizing.flixster.com/3EnldVZVB_OtlP0LN0sz8lCxJHA=/54x80/dkpu1ddg7pbsk.cloudfront.net/movie/11/18/16/11181617_ori.jpg','http://resizing.flixster.com/3EnldVZVB_OtlP0LN0sz8lCxJHA=/54x80/dkpu1ddg7pbsk.cloudfront.net/movie/11/18/16/11181617_ori.jpg','http://resizing.flixster.com/3EnldVZVB_OtlP0LN0sz8lCxJHA=/54x80/dkpu1ddg7pbsk.cloudfront.net/movie/11/18/16/11181617_ori.jpg'),(132,'http://resizing.flixster.com/_m1asW7RHchTI9Fr5cGl9x9zcao=/54x77/dkpu1ddg7pbsk.cloudfront.net/movie/11/19/06/11190645_ori.jpg','http://resizing.flixster.com/_m1asW7RHchTI9Fr5cGl9x9zcao=/54x77/dkpu1ddg7pbsk.cloudfront.net/movie/11/19/06/11190645_ori.jpg','http://resizing.flixster.com/_m1asW7RHchTI9Fr5cGl9x9zcao=/54x77/dkpu1ddg7pbsk.cloudfront.net/movie/11/19/06/11190645_ori.jpg','http://resizing.flixster.com/_m1asW7RHchTI9Fr5cGl9x9zcao=/54x77/dkpu1ddg7pbsk.cloudfront.net/movie/11/19/06/11190645_ori.jpg'),(142,'http://resizing.flixster.com/VLrB49KWh7VJmFvySsgo9e-3Dgw=/54x80/dkpu1ddg7pbsk.cloudfront.net/movie/11/19/09/11190916_ori.jpg','http://resizing.flixster.com/VLrB49KWh7VJmFvySsgo9e-3Dgw=/54x80/dkpu1ddg7pbsk.cloudfront.net/movie/11/19/09/11190916_ori.jpg','http://resizing.flixster.com/VLrB49KWh7VJmFvySsgo9e-3Dgw=/54x80/dkpu1ddg7pbsk.cloudfront.net/movie/11/19/09/11190916_ori.jpg','http://resizing.flixster.com/VLrB49KWh7VJmFvySsgo9e-3Dgw=/54x80/dkpu1ddg7pbsk.cloudfront.net/movie/11/19/09/11190916_ori.jpg'),(152,'http://resizing.flixster.com/0MNjftQZOIp_jGDQ3Cay9IFbbgU=/54x80/dkpu1ddg7pbsk.cloudfront.net/movie/11/18/91/11189122_ori.jpg','http://resizing.flixster.com/0MNjftQZOIp_jGDQ3Cay9IFbbgU=/54x80/dkpu1ddg7pbsk.cloudfront.net/movie/11/18/91/11189122_ori.jpg','http://resizing.flixster.com/0MNjftQZOIp_jGDQ3Cay9IFbbgU=/54x80/dkpu1ddg7pbsk.cloudfront.net/movie/11/18/91/11189122_ori.jpg','http://resizing.flixster.com/0MNjftQZOIp_jGDQ3Cay9IFbbgU=/54x80/dkpu1ddg7pbsk.cloudfront.net/movie/11/18/91/11189122_ori.jpg'),(162,'http://resizing.flixster.com/YSwHOwxwIQkE-Gkv1IsqIvYmNzc=/54x80/dkpu1ddg7pbsk.cloudfront.net/movie/11/18/92/11189234_ori.jpg','http://resizing.flixster.com/YSwHOwxwIQkE-Gkv1IsqIvYmNzc=/54x80/dkpu1ddg7pbsk.cloudfront.net/movie/11/18/92/11189234_ori.jpg','http://resizing.flixster.com/YSwHOwxwIQkE-Gkv1IsqIvYmNzc=/54x80/dkpu1ddg7pbsk.cloudfront.net/movie/11/18/92/11189234_ori.jpg','http://resizing.flixster.com/YSwHOwxwIQkE-Gkv1IsqIvYmNzc=/54x80/dkpu1ddg7pbsk.cloudfront.net/movie/11/18/92/11189234_ori.jpg'),(172,'http://resizing.flixster.com/YKGbQ15uM3ETr8gBGCoO0g4ML0Y=/54x80/dkpu1ddg7pbsk.cloudfront.net/movie/11/18/15/11181570_ori.jpg','http://resizing.flixster.com/YKGbQ15uM3ETr8gBGCoO0g4ML0Y=/54x80/dkpu1ddg7pbsk.cloudfront.net/movie/11/18/15/11181570_ori.jpg','http://resizing.flixster.com/YKGbQ15uM3ETr8gBGCoO0g4ML0Y=/54x80/dkpu1ddg7pbsk.cloudfront.net/movie/11/18/15/11181570_ori.jpg','http://resizing.flixster.com/YKGbQ15uM3ETr8gBGCoO0g4ML0Y=/54x80/dkpu1ddg7pbsk.cloudfront.net/movie/11/18/15/11181570_ori.jpg'),(182,'http://resizing.flixster.com/yDGJbDZ4tOk8Wsfl2Ljt1JYgHpk=/53x81/dkpu1ddg7pbsk.cloudfront.net/movie/11/18/90/11189059_ori.jpg','http://resizing.flixster.com/yDGJbDZ4tOk8Wsfl2Ljt1JYgHpk=/53x81/dkpu1ddg7pbsk.cloudfront.net/movie/11/18/90/11189059_ori.jpg','http://resizing.flixster.com/yDGJbDZ4tOk8Wsfl2Ljt1JYgHpk=/53x81/dkpu1ddg7pbsk.cloudfront.net/movie/11/18/90/11189059_ori.jpg','http://resizing.flixster.com/yDGJbDZ4tOk8Wsfl2Ljt1JYgHpk=/53x81/dkpu1ddg7pbsk.cloudfront.net/movie/11/18/90/11189059_ori.jpg'),(192,'http://resizing.flixster.com/Dl64_tudLHhNqVPjQtOQ_swSqIw=/51x81/dkpu1ddg7pbsk.cloudfront.net/movie/11/19/06/11190697_ori.jpg','http://resizing.flixster.com/Dl64_tudLHhNqVPjQtOQ_swSqIw=/51x81/dkpu1ddg7pbsk.cloudfront.net/movie/11/19/06/11190697_ori.jpg','http://resizing.flixster.com/Dl64_tudLHhNqVPjQtOQ_swSqIw=/51x81/dkpu1ddg7pbsk.cloudfront.net/movie/11/19/06/11190697_ori.jpg','http://resizing.flixster.com/Dl64_tudLHhNqVPjQtOQ_swSqIw=/51x81/dkpu1ddg7pbsk.cloudfront.net/movie/11/19/06/11190697_ori.jpg'),(202,'http://resizing.flixster.com/qEFS7o5AjaCLh0gIydt9w4pgHa8=/54x80/dkpu1ddg7pbsk.cloudfront.net/movie/11/18/91/11189107_ori.jpg','http://resizing.flixster.com/qEFS7o5AjaCLh0gIydt9w4pgHa8=/54x80/dkpu1ddg7pbsk.cloudfront.net/movie/11/18/91/11189107_ori.jpg','http://resizing.flixster.com/qEFS7o5AjaCLh0gIydt9w4pgHa8=/54x80/dkpu1ddg7pbsk.cloudfront.net/movie/11/18/91/11189107_ori.jpg','http://resizing.flixster.com/qEFS7o5AjaCLh0gIydt9w4pgHa8=/54x80/dkpu1ddg7pbsk.cloudfront.net/movie/11/18/91/11189107_ori.jpg'),(208,'http://resizing.flixster.com/59EXyxuQVQSPh3lr535mYDuoMN0=/54x80/dkpu1ddg7pbsk.cloudfront.net/movie/11/19/10/11191061_ori.jpg','http://resizing.flixster.com/59EXyxuQVQSPh3lr535mYDuoMN0=/54x80/dkpu1ddg7pbsk.cloudfront.net/movie/11/19/10/11191061_ori.jpg','http://resizing.flixster.com/59EXyxuQVQSPh3lr535mYDuoMN0=/54x80/dkpu1ddg7pbsk.cloudfront.net/movie/11/19/10/11191061_ori.jpg','http://resizing.flixster.com/59EXyxuQVQSPh3lr535mYDuoMN0=/54x80/dkpu1ddg7pbsk.cloudfront.net/movie/11/19/10/11191061_ori.jpg'),(218,'http://resizing.flixster.com/x-woAabWdCwZEJ3IYgrtxmkdIc4=/54x81/dkpu1ddg7pbsk.cloudfront.net/movie/11/19/05/11190520_ori.jpg','http://resizing.flixster.com/x-woAabWdCwZEJ3IYgrtxmkdIc4=/54x81/dkpu1ddg7pbsk.cloudfront.net/movie/11/19/05/11190520_ori.jpg','http://resizing.flixster.com/x-woAabWdCwZEJ3IYgrtxmkdIc4=/54x81/dkpu1ddg7pbsk.cloudfront.net/movie/11/19/05/11190520_ori.jpg','http://resizing.flixster.com/x-woAabWdCwZEJ3IYgrtxmkdIc4=/54x81/dkpu1ddg7pbsk.cloudfront.net/movie/11/19/05/11190520_ori.jpg'),(227,'http://resizing.flixster.com/CuMU3JQwnRSmpOEF6LnQIAr7mQ0=/54x80/dkpu1ddg7pbsk.cloudfront.net/movie/11/19/06/11190646_ori.jpg','http://resizing.flixster.com/CuMU3JQwnRSmpOEF6LnQIAr7mQ0=/54x80/dkpu1ddg7pbsk.cloudfront.net/movie/11/19/06/11190646_ori.jpg','http://resizing.flixster.com/CuMU3JQwnRSmpOEF6LnQIAr7mQ0=/54x80/dkpu1ddg7pbsk.cloudfront.net/movie/11/19/06/11190646_ori.jpg','http://resizing.flixster.com/CuMU3JQwnRSmpOEF6LnQIAr7mQ0=/54x80/dkpu1ddg7pbsk.cloudfront.net/movie/11/19/06/11190646_ori.jpg'),(237,'http://resizing.flixster.com/WxoMEmHSIfmohifTCin-EyMV_6Q=/54x80/dkpu1ddg7pbsk.cloudfront.net/movie/11/19/12/11191258_ori.jpg','http://resizing.flixster.com/WxoMEmHSIfmohifTCin-EyMV_6Q=/54x80/dkpu1ddg7pbsk.cloudfront.net/movie/11/19/12/11191258_ori.jpg','http://resizing.flixster.com/WxoMEmHSIfmohifTCin-EyMV_6Q=/54x80/dkpu1ddg7pbsk.cloudfront.net/movie/11/19/12/11191258_ori.jpg','http://resizing.flixster.com/WxoMEmHSIfmohifTCin-EyMV_6Q=/54x80/dkpu1ddg7pbsk.cloudfront.net/movie/11/19/12/11191258_ori.jpg'),(247,'http://resizing.flixster.com/Zf3T6klH-p6K3Gw88AMrxP-81kI=/54x80/dkpu1ddg7pbsk.cloudfront.net/movie/11/19/08/11190898_ori.jpg','http://resizing.flixster.com/Zf3T6klH-p6K3Gw88AMrxP-81kI=/54x80/dkpu1ddg7pbsk.cloudfront.net/movie/11/19/08/11190898_ori.jpg','http://resizing.flixster.com/Zf3T6klH-p6K3Gw88AMrxP-81kI=/54x80/dkpu1ddg7pbsk.cloudfront.net/movie/11/19/08/11190898_ori.jpg','http://resizing.flixster.com/Zf3T6klH-p6K3Gw88AMrxP-81kI=/54x80/dkpu1ddg7pbsk.cloudfront.net/movie/11/19/08/11190898_ori.jpg'),(256,'http://resizing.flixster.com/dClABf2s-MpYe3xYuafzL-Q_ARs=/54x80/dkpu1ddg7pbsk.cloudfront.net/movie/11/19/08/11190848_ori.jpg','http://resizing.flixster.com/dClABf2s-MpYe3xYuafzL-Q_ARs=/54x80/dkpu1ddg7pbsk.cloudfront.net/movie/11/19/08/11190848_ori.jpg','http://resizing.flixster.com/dClABf2s-MpYe3xYuafzL-Q_ARs=/54x80/dkpu1ddg7pbsk.cloudfront.net/movie/11/19/08/11190848_ori.jpg','http://resizing.flixster.com/dClABf2s-MpYe3xYuafzL-Q_ARs=/54x80/dkpu1ddg7pbsk.cloudfront.net/movie/11/19/08/11190848_ori.jpg'),(266,'http://resizing.flixster.com/q7N6i-lodgiFIv2pn2fKcITzDFw=/54x80/dkpu1ddg7pbsk.cloudfront.net/movie/11/19/07/11190713_ori.jpg','http://resizing.flixster.com/q7N6i-lodgiFIv2pn2fKcITzDFw=/54x80/dkpu1ddg7pbsk.cloudfront.net/movie/11/19/07/11190713_ori.jpg','http://resizing.flixster.com/q7N6i-lodgiFIv2pn2fKcITzDFw=/54x80/dkpu1ddg7pbsk.cloudfront.net/movie/11/19/07/11190713_ori.jpg','http://resizing.flixster.com/q7N6i-lodgiFIv2pn2fKcITzDFw=/54x80/dkpu1ddg7pbsk.cloudfront.net/movie/11/19/07/11190713_ori.jpg'),(276,'http://resizing.flixster.com/uGKyWSrCBpT3KhUvw2I5luNrAh8=/54x78/dkpu1ddg7pbsk.cloudfront.net/movie/11/19/08/11190891_ori.jpg','http://resizing.flixster.com/uGKyWSrCBpT3KhUvw2I5luNrAh8=/54x78/dkpu1ddg7pbsk.cloudfront.net/movie/11/19/08/11190891_ori.jpg','http://resizing.flixster.com/uGKyWSrCBpT3KhUvw2I5luNrAh8=/54x78/dkpu1ddg7pbsk.cloudfront.net/movie/11/19/08/11190891_ori.jpg','http://resizing.flixster.com/uGKyWSrCBpT3KhUvw2I5luNrAh8=/54x78/dkpu1ddg7pbsk.cloudfront.net/movie/11/19/08/11190891_ori.jpg'),(285,'http://resizing.flixster.com/9wUylsQJNtn1qq3RoP8-ds5aBQw=/54x77/dkpu1ddg7pbsk.cloudfront.net/movie/11/19/06/11190611_ori.jpg','http://resizing.flixster.com/9wUylsQJNtn1qq3RoP8-ds5aBQw=/54x77/dkpu1ddg7pbsk.cloudfront.net/movie/11/19/06/11190611_ori.jpg','http://resizing.flixster.com/9wUylsQJNtn1qq3RoP8-ds5aBQw=/54x77/dkpu1ddg7pbsk.cloudfront.net/movie/11/19/06/11190611_ori.jpg','http://resizing.flixster.com/9wUylsQJNtn1qq3RoP8-ds5aBQw=/54x77/dkpu1ddg7pbsk.cloudfront.net/movie/11/19/06/11190611_ori.jpg');
/*!40000 ALTER TABLE `posters` ENABLE KEYS */;
UNLOCK TABLES;

--
-- Table structure for table `ratings`
--

DROP TABLE IF EXISTS `ratings`;
/*!40101 SET @saved_cs_client     = @@character_set_client */;
/*!40101 SET character_set_client = utf8 */;
CREATE TABLE `ratings` (
  `id` bigint(20) NOT NULL,
  `audience_rating` varchar(255) DEFAULT NULL,
  `audience_score` int(11) DEFAULT NULL,
  `critics_rating` varchar(255) DEFAULT NULL,
  `critics_score` int(11) DEFAULT NULL,
  PRIMARY KEY (`id`)
) ENGINE=InnoDB DEFAULT CHARSET=utf8;
/*!40101 SET character_set_client = @saved_cs_client */;

--
-- Dumping data for table `ratings`
--

LOCK TABLES `ratings` WRITE;
/*!40000 ALTER TABLE `ratings` DISABLE KEYS */;
INSERT INTO `ratings` VALUES (4,'Upright',64,'Rotten',48),(14,'Spilled',28,'Rotten',32),(24,'Upright',90,'Certified Fresh',98),(34,'Spilled',58,'Rotten',49),(44,'Upright',87,'Certified Fresh',74),(54,'Upright',73,'Fresh',65),(64,'Spilled',40,'Rotten',19),(74,'Spilled',44,'Rotten',7),(84,'Upright',67,'Rotten',46),(93,'Upright',81,'Certified Fresh',85),(103,'Upright',85,'Certified Fresh',82),(113,'Spilled',43,'Rotten',6),(123,'Upright',69,'Rotten',54),(133,'Upright',85,'Rotten',52),(143,'Upright',88,'Certified Fresh',92),(153,'Spilled',53,'Rotten',29),(163,'Upright',77,'Rotten',29),(173,'Upright',83,'Certified Fresh',84),(183,'Upright',66,'Rotten',31),(193,'Spilled',43,'Fresh',61),(203,'Upright',78,'Certified Fresh',94),(209,'Upright',76,'Certified Fresh',92),(219,'Upright',86,'Rotten',18),(228,'Upright',84,'Certified Fresh',98),(238,'Upright',70,'Fresh',68),(248,'Upright',94,NULL,-1),(257,'Spilled',53,'Fresh',61),(267,'Upright',65,'Certified Fresh',96),(277,'Spilled',41,'Rotten',52),(286,'Upright',91,'Rotten',46);
/*!40000 ALTER TABLE `ratings` ENABLE KEYS */;
UNLOCK TABLES;

--
-- Table structure for table `release_dates`
--

DROP TABLE IF EXISTS `release_dates`;
/*!40101 SET @saved_cs_client     = @@character_set_client */;
/*!40101 SET character_set_client = utf8 */;
CREATE TABLE `release_dates` (
  `id` bigint(20) NOT NULL,
  `theater` varchar(255) DEFAULT NULL,
  PRIMARY KEY (`id`)
) ENGINE=InnoDB DEFAULT CHARSET=utf8;
/*!40101 SET character_set_client = @saved_cs_client */;

--
-- Dumping data for table `release_dates`
--

LOCK TABLES `release_dates` WRITE;
/*!40000 ALTER TABLE `release_dates` DISABLE KEYS */;
INSERT INTO `release_dates` VALUES (5,'2015-05-29'),(15,'2015-05-22'),(25,'2015-05-15'),(35,'2015-05-22'),(45,'2015-05-01'),(55,'2015-05-15'),(65,'2015-05-29'),(75,'2015-05-08'),(85,'2015-03-26'),(94,'2015-05-01'),(104,'2015-04-03'),(114,'2015-04-17'),(124,'2015-04-24'),(134,'2015-04-01'),(144,'2015-04-24'),(154,'2015-03-27'),(164,'2015-04-10'),(174,'2015-03-13'),(184,'2015-03-20'),(194,'2015-04-17'),(204,'2015-04-17'),(210,'2015-05-15'),(220,'2015-04-24'),(229,'2015-04-29'),(239,'2015-05-08'),(249,'2015-04-06'),(258,'2015-05-08'),(268,'2015-04-03'),(278,'2015-05-15'),(287,'2015-05-15');
/*!40000 ALTER TABLE `release_dates` ENABLE KEYS */;
UNLOCK TABLES;
/*!40103 SET TIME_ZONE=@OLD_TIME_ZONE */;

/*!40101 SET SQL_MODE=@OLD_SQL_MODE */;
/*!40014 SET FOREIGN_KEY_CHECKS=@OLD_FOREIGN_KEY_CHECKS */;
/*!40014 SET UNIQUE_CHECKS=@OLD_UNIQUE_CHECKS */;
/*!40101 SET CHARACTER_SET_CLIENT=@OLD_CHARACTER_SET_CLIENT */;
/*!40101 SET CHARACTER_SET_RESULTS=@OLD_CHARACTER_SET_RESULTS */;
/*!40101 SET COLLATION_CONNECTION=@OLD_COLLATION_CONNECTION */;
/*!40111 SET SQL_NOTES=@OLD_SQL_NOTES */;

-- Dump completed on 2016-07-31  0:15:54
